id,reference,distilbart_summary,textrank_summary
58aefdc7ca85968aa11e16ea4099506cb474f759,Justin Rose bounced back from Florida misery by carding 69 in Houston . Three-time Masters champion Phil Mickelson enjoyed return to form . Paul Casey celebrated last-gasp Masters invitation with fine round of 68 ., Justin Rose hit 17 out of 18 greens in regulation and signed for a 69 at the Shell Houston Open . The Englishman fell outside the world's top 10 last month after a poor run in Florida . Phil Mickelson enjoyed his best round in months with a 66 on Thursday .,"‘Over the past two weeks I feel like I’ve done some good work and whether I finish well or not here I feel like I’m going in the right direction again. So we’ve corrected the faults and I’ve gone back to the old putter.’ Phil Mickelson enjoyed his best round in months with a 66 on Thursday . The only thing missing was chipping and short game.' Paul Casey, like Mickelson another former winner of this event, celebrated his last-gasp Masters invitation with a fine round of 68 notable for two eagle threes."
8c2e48d24a3e2cf1be5d242f09ae34bf68ccbd6e,Lewis Ferguson fell from Merrion Square at Wincanton on Wednesday . Despite spectacular tumble he escaped with just a cut nose . Ferguson has been mucking out stables as usual on Thursday morning . The 18-year-old says incident that went viral was 'just a blur' to him .," Lewis Ferguson, 18, was mucking out the stables as usual, just a cut on the nose to show for the fall . His double somersault horror fall from the favourite Merrion Square in the 4.20pm at Wincanton on Wednesday has been watched hundreds of thousands of times online . Ferguson escaped the fall and the only real","Ferguson, whose double somersault horror fall from the favourite Merrion Square in the 4.20pm at Wincanton on Wednesday has been watched hundreds of thousands of times online. Jockey Lewis Ferguson, 18, who survived a spectacular fall from Merrion Square shows off the cut on his nose . Ferguson, whose double somersault horror fall has been watched by hundreds of thousands online ."
16269bfc102681f55a7fbfb6e26c7a52d982e09c,"Woman reported 'someone' had been run over, but victim was a squirrel . Another man dialled 999 to say he dropped a burger which was 'bleeding' East of England ambulance service warned hoax calls can cost lives ."," Two ambulances were sent to Epping Forest after a call saying 'someone' had been run down . But the 'victim' was actually a squirrel that had been hit by a car in Essex . East on England ambulance service released a list of 1,248 inappropriate call outs .","Two ambulances were sent to Epping Forest after a caller told crews 'someone' had been run down, only for the 'victim' to turn out to be a squirrel. East on England ambulance revealed the bizarre calls as part of a list of 1,248 inappropriate call outs, saying that crew attended half of them, potentially putting lives at risk (file image) He said: 'We're an emergency service and our front-line staff are trained to save lives. 'However, that response can be affected if our call handlers and front-line staff are dealing with inappropriate 999 calls."
18514a002a1a244a68a560c63c4471af98f72a73,"Guo Kai and girlfriend Dong Hui, 22, had planned to get married this month . But ceremony had to be postponed after Dong was admitted to hospital . Instead Guo arranged for photographers to go to the ward on her birthday . Family and friends helped Dong get into her dream wedding dress ."," Guo Kai and girlfriend Dong Hui, 22, had been planning to get married this month . But Dong was suddenly diagnosed with serious bone cancer and admitted to hospital . She had to stay lying down the whole time due to her condition, which causes severe pain and can lead to joint dysfunction . Guo arranged for professional photographers to","Guo Kai and girlfriend Dong Hui, who turned 22 on Monday, had been planning to get married this month in Sichuan in southwest China. Big day: Dong Hui, 22, was diagnosed with bone cancer last month but still wanted to have wedding photographs taken for her birthday . Instead, family and friends helped Dong put on a beautiful wedding dress so that a team of professional photographers could take pictures for the besotted couple."
9efbe27504b041e7f5e846a3c6898702c0e82427,"David Wheeler: Corinthian, considered a ""predator"" school, will shut down campuses . Wheeler: Students of for-profit colleges are hapless victims; their debts should be forgiven .","John Sutter: Corinthian Colleges Inc. will shut down all of its remaining 28 campuses . Sutter says Corinthian is one of the worst of the ""predator colleges"" He says for-profit colleges offer dubious degrees, saddle students with high amounts of debt and gobble up billions of dollars in federal money every year","Corinthian, which once enrolled more than 70,000 students, is one of the worst of the ""predator colleges"" -- schools that offer dubious degrees, saddle students with high amounts of debt and gobble up tens of billions of dollars in federal money every year. For those not familiar with the for-profit college fiasco, here's the whole story in one telling statistic: While for-profit colleges enroll only 13% of the nation's college students, such colleges account for nearly half of all student loan defaults, according to Department of Education statistics. But according to a jaw-dropping report by the Education Department, the average graduate of an online for-profit college makes less than a high school dropout."
56941fcf624a88a5f670a1de1c0688467158b2c5,"Dzhokhar Tsarnaev was found guilty of all 30 counts, may face death penalty . The sentencing phase starts April 21; a judge predicts it will last four weeks . He warns jurors not to do anything that could be prejudicial to the case ."," Judge George A. O'Toole: ""Please put the case out of your minds. Enjoy the warm weather"" Tsarnaev's lawyers never disputed that their client was at the scene of the bombings and part of the mayhem that followed .","Boston (CNN)The Boston Marathon is traditionally an event in which people in and around the Massachusetts capital come together, celebrate and enjoy. And not this year -- at least not if you're a member of the jury that convicted Dzhokhar Tsarnaev in the bombings. Tsarnaev's lawyers never disputed that their client was at the scene of the bombings and part of the days-long mayhem that followed."
f2585a9406b45744f8c8bd6fec5c5803113d92d7,Sources claimed he'd go if Lib Dems are reduced to fewer than 30 MPs . But yesterday insisted he would fight for his job 'in all circumstances' Warned of 'very real risk we undo all the hard work over last five years' Vince Cable hopes to be Chancellor if Lib Dems form another coalition ., Deputy Prime Minister has previously indicated he will quit as leader if Lib Dems are reduced to fewer than 30 MPs . Sources have also suggested he will go if party is left out of power after the election . But yesterday he insisted he would fight for his job 'in all circumstances',"Vowing to cling on: Liberal Democrats leader Nick Clegg makes a speech during a General Election campaign visit to Sutton in south London yesterday . Nick Clegg yesterday vowed to cling on as Liberal Democrat leader even if the party is wiped out at the polls. ‘All I am focused on at the moment is sounding the alarm about the very, very real risk that as the Labour Party and Conservative Party vacate the centre ground and hare off in which direction after another, there is a very real risk we undo all the sacrifices and hard work that have gone in over the last five years to put the country back on track economically.’ Meet and greet: Mr Clegg (far right) speaks to voters and their families during a General Election campaign visit to Sutton with Paul Burstow (second right) the party's candidate for Sutton and Cheam ."
70bb5fa813aa597c9dc7a195da539d5fb0a7031d,"Paul Gregory said he could only walk 200 metres in blue badge application . However, council staff noticed 51-year-old in newspaper report after hike . Article described Gregory as an 'experienced walker' on a three-day trek . Gregory fined £795 after admitting to dishonestly obtaining a blue badge ."," Paul Gregory, 51, of Bedford, claimed exercise left him breathless despite being a keen walker . He was exposed when Bedford Borough Council staff read an article in The Westmorland Gazette . It said he had been attacked by cows in Cumbria on the third day of a hike in 2012 . Gregory was fined £795 and ordered to","Paul Gregory, 51, of Bedford, has been fined £795 for having a blue badge, claiming he could only walk 200 metres, when in fact he was a keen walker . Gregory, of Bedford, pleaded guilty to two counts of dishonestly obtaining a blue badge by misrepresenting his physical abilities at Luton Magistrates' Court. 'Mr Gregory's abuse of the scheme is completely unacceptable and we will continue to investigate all reports of blue badge fraud thoroughly.' Gregory was fined £795 and ordered to carry out 150 hours of unpaid work when he admitted dishonestly obtaining a blue badge by misrepresenting his physical abilities at Luton Magistrates' Court (pictured)"
d1c6d891ee60600141277f676266808edf434dc2,"The patent was filed in March 2011 and awarded to Apple earlier this week . It details a method of scanning a user's face using the front-facing camera . If the scanned face matches with a photo that was previously taken and stored, the phone unlocks automatically . Android Lollipop already has a similar feature called 'Trusted face'"," The patent (illustrated) was filed by the California-based firm in March 2011 and awarded earlier this week . It details a method of scanning a user's face using the front-facing camera each time the phone is moved into a certain position . If the scanned face matches a previously taken photo, the phone unlocks automatically","Apple's patent details a method for automatically unlocking a mobile device using a system comprising of 'capturing an initial image  while the device is locked, monitoring a motion state of the mobile device to determine whether the device is moving or is motionless;  analysing the images to detect a user's face and unlocking the device.' Android Lollipop users already have an almost identical feature known as Trusted face in the Smart Lock menu. Once the screen is enabled and the camera is held in front of the face, the screen automatically unlocks. Apple, instead, provides a method for automatically unlocking a mobile device using a system comprising of 'capturing an initial image  while the device is locked, monitoring a motion state of the mobile device to determine whether the device is moving or is motionless;  analysing the images to detect a user's face and unlocking the device.' Android Lollipop users already have an almost identical feature known as 'Trusted face' in the Smart Lock menu."
b1f23bd961484edaa46eafe48b1fcc3f4bf02a4e,"Robert Hardy, 89, is a military enthusiast who studied English literature under J.R.R. Tolkien . He is selling off a huge collection of books, artwork and furniture . Among the objects which have gone up for auction are a huge 3D diorama of the Battle of Agincourt ."," Actor Robert Hardy, 89, is auctioning off more than 200 items he has collected over his career . Mr Hardy is a keen military historian who studied English with J.R. R Tolkien and is now an expert on the medieval longbow . He is also selling paintings, furniture, swords, flintlock rifles, silverware and a fine","Sale: Actor Robert Hardy is selling off his collection of antiques including a diorama of the Battle of Agincourt . Portrait: A painting of Mr Hardy holding a longbow, reflecting his interest in medieval history . Rendall in the 1960s after being commissioned by Mr Hardy himself, and has an estimate of £4,000 to £6,000."
58f68866990a7627e63332fae2e30bec004c1312,Bus carrying 40 players and staff back from away game was attacked . Fenerbahce want Turkish championship halted while matter is resolved . The bus driver was wounded in the attack and taken to hospital .,Bus came under armed attack as it drove to the airport following an away match at Caykur Rizespor in Turkey's Super Lig . Bus driver was wounded and taken to hospital and there was no mention of any injuries to anyone else . Fenerbahce have called for the suspension of the Turkish championship following the,Fenerbahce have called for the suspension of the Turkish championship following the gun attack on their team bus on Saturday. Fener said on their official website the bus driver was wounded in the attack and taken to hospital and there was no mention of any injuries to anyone else. It's unbelievable.' The club posted several pictures of the bus on their website after the attack which showed a shattered side window and damage to the front windscreen.
237dd7327fac6d74e5c9979d1475558106e5d346,"Narrow two-bedroom home in Islington, north London has sold for £750,000 despite measuring 5ft wide in places . The estate agency describes the property as 'well proportioned' and includes a reception room, shower and kitchen . It was put on the market for £750,000, almost double what it sold for in 2001 when it was previously put up for sale ."," The tiny home is sandwiched between two double fronted properties on a leafy street in Islington, north London . It is only 5ft wide in some areas, a little over the size of a rugby player’s shoulders and its maximum width is 8ft 8in . At its widest, it stretches across 8","The tiny home (circled), sandwiched between two other properties, which has sold for £750,000, is located on a leafy street in Islington, north London . The home has what boat owners would call a narrow 'galley kitchen', an expert has said, with the estate agency calling it 'well proportioned' The property is a two-bedroom apartment, with a narrow but long and extended back section . The property was put on the market with Foxtons for £750,000 - almost double the price it sold for in 2001."
d3faeb824b69a96775c8ab4613d1dcbbe96f5d2c,"Natalie Fuller, 28, stepped in front of a train in Baltimore last month . Mother Doris shared an account of her life this week in heartfelt article . Told how she was diagnosed with psychosis and bipolar disorder aged 22 . Pair wrote bestselling book, Promise You Won’t Freak Out, in 2004 . Featured nationally on network news and was featured on Oprah ."," Doris Fuller's daughter Natalie, 28, suffered from bipolar disorder and psychosis . She died last month when she stepped in front of a train in Baltimore, Maryland, last month . In wake of her death, Fuller has revealed how her condition worsened over years . She said she was 'the bravest person I have ever known","Opening up: Doris Fuller's daughter Natalie, left with her mom, killed herself last month - and now Fuller has opened up about how Natalie's bipolar disorder and psychosis led to her death . In a mental health documentary video filmed in 2014, Natalie described the worst lows of her condition, in which she said terrifyingly real voices would tell her to hurt herself. I thought they were real.' Although Natalie, a keen artist who sculpted, painted and wrote poetry, often seemed fine while on medication, Fuller told how her future seemed a little bleaker every time she relapsed."
9bab5c10d10c8875d183b717f80adb6067db169d,"PSG host Barcelona in the first leg of their Champions League quarter-final . Paris Saint-Germain are without the suspended Zlatan Ibrahimovic . In his absence, Edinson Cavani must raise his game as the main attacker . The Uruguayan is being courted by Louis van Gaal at Manchester United . Cavani will come up against Luis Suarez who was born in the same town .","Paris Saint-Germain face Barcelona in the Champions League quarter-final . Luis Suarez will be at the Parc des Princes for the first time in his career . PSG have been stripped of two key players, Zlatan Ibrahimovic and Marco Veratti, while Thiago Motta is injured . Cavani","Edinson Cavani prepares for Paris Saint-Germain's quarter-final clash with Barcelona . Cavani celebrates scoring for the Paris side in the League Cup final last weekend . Cavani will come up against Luis Suarez, who was born in the same town, in the first leg in Paris ."
ad67d14b82f587b4e5fefe665fe6b6cb89e14c88,"'It's like my home away from home and I just love it here,' Judy Eddingfield said of Winstead's in Kansas City . Judy Eddingfield celebrated her 50th anniversary working at Winstead's restaurant last week where she began working when she was 15 in 1965 . Eddinfield's mother along with her siblings all worked at the restaurant ."," Judy Eddingfield, 65, celebrated her 50th anniversary working at Winstead's in Kansas City last week and declares that it's the only job's she's ever had or ever wanted . 'It's like my home away from home and I just love it here","Dedicated waitress Judy Eddingfield, 65, celebrated her 50th anniversary working at Winstead's restaurant in Kansas City last week and declares that it's the only job's she's ever had or ever wanted. Classic establishment:  This is a photo of the The Winstead family who own the restaurant showing up for work in 1940 around the time when Judy Eddingfield's mother started working there . Celebration: Dedicated waitress Judy Eddingfield celebrated her 50th anniversary working at Winstead's restaurant in Kansas City last week and declares that it's the only job's she's ever had or ever wanted ."
3cdc717d765862e42b3a1912c60f97c7cd084388,"Microsoft Corporate VP of Worldwide Operations, Mary Ellen Smith, who has a teenage son Shawn with autism, made the announcement . Program will be run in partnership with Specialisterne, a Danish nonprofit that helps train people with autism for careers in IT . Full-time positions based at its Redmond campus, Washington .", The positions will be based at Microsoft's Redmond campus in Washington . The program will be run in partnership with a Danish nonprofit that helps train people with autism for careers in IT . Microsoft CEO Satya Nadella was forced to apologize for saying women don't need to ask for a raise .,"The announcement was made on the company's blog by Microsoft Corporate VP of Worldwide Operations, Mary Ellen Smith, who has a teenage son, Shawn, with autism. She added: 'I am also proud of how our society and our workplace is moving forward with the commitment to help support people with autism and disabilities in general.' Last year Microsoft CEO Satya Nadella was forced to apologize for saying that women don't need to ask for a raise and should just trust the system to pay them well. Last year Microsoft CEO Satya Nadella (pictured) was forced to apologize for saying that women don't need to ask for a raise and should just trust the system to pay them well ."
f6172a1e869f9a709401cad64d7c10dd435f7328,"The Queen's granddaughter is vying for a spot on Team GB in 2016 . She gave birth to her daughter, Mia Grace, in January last year . To regain her fitness Zara, 33, uses an exercise bike every morning . She sticks to a healthy diet and also goes swimming and cycling .", The 33-year-old is vying for a place on Team GB at the Rio Olympics in 2016 . The Queen's granddaughter welcomed Mia Grace with husband Mike Tindall last year . She has committed to a strict exercise and diet regime to get back in shape . Zara helped take home team silver at the 2012 London Olympics .,"The 33-year-old, who is vying for a place on Team GB at the Rio Olympics, welcomed Mia Grace with husband Mike Tindall last year. Zara Phillips has told of how she was surprised at how difficult it was to regain her fitness after the birth of her daughter, Mia, one (pictured left in January and right, last July when Mia was six months old) 'What surprised me about having a baby is losing all your fitness and how tough it is to get it back to that level again,' she said in an interview with The Sunday Time Magazine. Zara (pictured competing in the 2012 London Games) said she is keen to win a place on Team GB in 2016 ."
2c664436d54833bd48e72b30f89b290669afd467,"Iceland has become an increasingly popular filming location recently . Christopher Nolan's Interstellar was shot atop the Svinafellsjokull glacier . Europe’s most powerful waterfall, Dettifoss, was featured in Prometheus . Game of Thrones producers opted to film at Thingvellir National Park . Warning: Story contains spoilers for series four of Game of Thrones ."," Iceland has become an increasingly popular filming location for films such as Game of Thrones, Interstellar and Prometheus . The country's stunning waterfalls and breathtaking glaciers have been featured in many films and TV series .","Scenes from Christopher Nolan’s epic Interstellar were filmed atop the blue ice glacier Svinafellsjokull in the Skaftafell National Park, which is also located near another favoured filming location: Iceland’s largest glacier, Vatnajokull. The Svinafellsjokull glacier provided a stunning setting for Christopher Nolan's epic film, Interstellar . And finally, Game of Thrones enthusiasts will undoubtedly recognise the north of Iceland, namely Thingvellir National Park, from Arya’s storyline and as the setting of the battle of the Hound and Brienne, in the North of Westeros."
593fd96abf9a4a7020c5a36982e0e0aa960243d5,Faith and Hope Howie were born with one body and two faces on May 8 . They tragically died in hospital just 19 days after they were born . Parents Simon Howie and Renee Young visit their grave at Pinegrove in western Sydney fortnightly . They arrived on Thursday to find the grave bare of all the girls' mementos . Staff had cleared entire baby section and thrown belongings in rubbish .," Faith and Hope Howie were born on May 8 last year with one body and two faces due to an extremely rare condition known as disrosopus . They died in hospital less than a month after they were born and their parents, Simon Howie and Renee Young, laid them to rest at Pinegrove Memorial Park in Sydney","Family members have visited the grave every week to leave mementos and flowers for Faith and Hope, but when parents Simon Howie and Renee Young arrived on Thursday they found the site completely bare . 'We will discuss and seek an agreeable solution with families in the weeks ahead.' Faith and Hope's parents have set up an online petition to have the rules and regulations at cemetery's changed to ensure memorial items are not removed without being notified. Their family and friends had built up a small memorial with pink and white statues, flowers, pebbles and toys in the 11 months since Faith and Hope died ."
6842c5c0891514dccc3dc329ec74f8f9786234aa,"Southampton target Tonny Vilhena wants out of Feyenoord this summer . Ronald Koeman had tried to sign the 20-year-old in January, but was rebuffed . Vilhena has one year left on his contract, but wants to move away . Koeman is also keen on signing his team-mate Jordy Claise .",Tonny Vilhena has one year left on contract at Feyenoord but is ready to make the move to the Premier League . Ronald Koeman made enquiries for the 20-year-old in January and is keen to bring him to St Mary's . Koeman is also looking to make Eljero Elia's,"Feyenoord winger Tonny Vilhena (left) is keen to quit the club this summer with Southampton on red alert . The Saints are also monitoring his team-mate, the £10m-rated midfielder Jordy Clasie (right) Southampton boss Ronald Koeman is keen to bolster his squad ahead of possible European qualification . Koeman is keen to make Dutch winger Eljero Elia's loan move from Werder Bremen permanent this summer ."
e4bae5ea6c016f5d2c608a2f9c7bf202f853c660,Belinda Bartholomew claims she was racially abused at a Bondi butcher . The girlfriend of Sydney Roosters star Aidan Guerra went to buy a chicken for a Game of Thrones inspired dinner . She says she was sworn at and told to 'go to a f***ing Aussie butcher' when she tried to change her chicken selection . The butcher vehemently denies he was rude to or swore at her and says the woman is a 'troublemaker' out to ruin the business ., Belinda Bartholomew claims she was racially abused at a Bondi butcher on Monday night . She was buying a chicken for her and her Roosters star boyfriend Aidan Guerra to have for dinner . She claims the butcher called her a 'f***ing c***' when she asked for a different chicken to the one he,"Ms Bartholomew claims the man working at Sam The Butcher in Bondi swore at her and told her to leave, but the man working at the time said his customer was the one being rude . 'I was very slow and she started having a go at me.' Ms Bartholomew (pictured with Mr Guerra) said the butcher told her to 'go to a f***ing Aussie butcher' But the man working vehemently denied any claims he swore at or abused the young woman (pictured) He told Daily Mail Australia that he's trying to fit into Australian life but sometimes finds it hard to cope with attitudes in Bondi. Ms Bartholomew claims the butcher then asked her 'Why don't you just go to a f***ing Aussie butcher'."
1f42cfb9302d4528339099a361998a892f3cac5e,The scale of influence Unite holds is chilling given what it seeks to impose . It remains addicted to the failed socialist policies of Britain's past . Mr McClusky denies holding too much power over Labour's Ed Miliband .," Len McCluskey's union Unite is a potent, sinister force in British politics . The trade union firebrand's manner was as warm as the weather in South Wales . But all the smiles cannot hide the reality that he and his union are a potent force .","McCluskey has denied that he has too much influence over Ed Miliband, adding that Unite is supporting the party '100 per cent' McCluskey's determination to influence Labour was all too evident in Wales. Moreover, if Labour and Unite really think that McCluskey is an asset in the election, they are doing their best to keep quiet about it. It was Unite and the other affiliated unions that ensured Ed Miliband (pictured left) was elected leader in 2010 against his more moderate brother David (right) The dominance of Unite runs right through Labour's organisation, with huge implications for the make-up of a putative Miliband government."
c6cb99e45527e9af7e1e5708e4104fd806499b04,Reports claim Google is latest firm to test alternative battery options . Sources said the four-man team  devise and test different technologies . It follows Apple's recruitment drive  for battery and software experts ., The four-man team spends its days devising and testing different technologies from the flexible to the wearable . Google has been working on similar projects since 2012 when former Apple battery expert Dr Ramesh Bhardwaj began leading a testing team . The reports were made by Alistair Barr in the Wall Street Journal .,"Google has been working on similar projects since 2012 when former Apple battery expert Dr Ramesh Bhardwaj began leading a testing team. Google has been working on similar projects since 2012 when former Apple battery expert Dr Ramesh Bhardwaj began leading a testing team. In particular, the iOS software power systems engineer role said the successful candidate 'will be working on design and development of software for triage of battery life issues, modeling of power consumed by different parts of the system, and analytics to understand large scale battery life trends.' Atmel also recently announced its latest microcontrollers (MCUs) that can be fitted to a variety of gadgets and are so low power they can harvest energy from a person's body."
b48379b27f505e9c61b979c3d158d9d4961b54d4,"Andrea McVeigh, 44, was knocked over from behind by speeding cyclist . Left in a pool of her blood after crashing face-first into the pavement . She will be scarred for life after suffering two long gashes to forehead . Police launch hunt for the mystery rider who did not stop at scene ."," Andrea McVeigh, 44, was hit face-first by the cyclist in Bermondsey, south London . The social media manager suffered two three-inch gashes to the middle of her forehead . The cyclist fled the scene, chased by the 44-year-old's husband . Met Police have issued CCTV footage of a","Andrea McVeigh, 44, has been left scarred for life after being knocked down by cyclist . A woman has been left scarred for life after being knocked down by a cyclist who was riding on the pavement. 'I got hit by a speeding cyclist on the pavement,' said Mrs McVeigh."
08acfbcdae3113edea44d6a316c6a634aa2c215c,"Death Row Records mogul appealed to reduce $10m bail, was denied . But he is sure Floyd Mayweather will win on Saturday and bail him out . The boxer is already worth $420 million, set to get record pay this weekend . Knight had to be wheeled out of court after being denied bail cut .", The rap mogul was refused an appeal to have his bail reduced from $10 million to $5 million as he awaits trial for murder and attempted murder . The 48-year-old has been plagued by medical ailments since being charged with murder in January . Knight's attorney Matthew Fletcher said he believes Floyd Mayweather will bail him out when,"Laughing before murder trial: Suge Knight and his lawyer Matthew Fletcher were jovial in court on Thursday . Appearing distressed, Knight then had to be wheeled out of court in a wheelchair after the hearing . Appearing distressed, Knight then had to be wheeled out of court in a wheelchair."
7886861d15ab9bb2d180b4dc36d63225019f51d8,"Oscar Hernandez Jr has pleaded guilty to transporting firearms, obstruction of justice, lying to a federal grand jury and witness tampering . Confessed to shipping Aaron Hernandez three weapons a month before Odin Lloyd's killing June 2013 . Hernandez Jr said he was blinded by New England Patriot's fame and 'grateful to be noticed' Aaron Hernandez has been convicted of first-degree murder and sentenced to life in prison without parole ."," Oscar Hernandez Jr - no relation to the disgraced NFL player - has pleaded guilty to weapons charges in connection to his namesake’s murder case . The 24-year-old Florida man said he was 'grateful to be noticed' when the football player paid him $15,000 for three guns in April 2013 . Aaron Hernandez, 25","Bad bro-mance: Oscar Hernandez Jr (left), 24, said he was 'awed' by New England Patriots star Aaron Hernandez (right) and 'grateful to be noticed' when the football player paid him $15,000 for three guns . Unfortunate timing: Oscar Hernandez  shipped his namesake a rifle and two handguns in April 2013 - a month before the NFL player shot dead Odin Lloyd (pictured on screen in court) Hernandez had been a rising star in the NFL with a $41million contract when he was arrested in June of that year. A friend of Oscar Hernandez testified during the NFL star’s trial that the gun trafficker purchased the weapons April 16, 2013, five days after Aaron transferred $15,000 into his account."
4ef7c5f63fad8375c6e357124b2c8999dd6f388b,"The Henry Ford Museum in Dearborn, Michigan, has had chair for 85 years . The worn, red chair, from Washington D.C.'s Ford's Theatre, is usually kept in an enclosed case but will be put in an open plaza on April 15 . Abraham Lincoln was shot by John Wilkes Booth on April 14, 1865 . The Henry Ford Museum also holds the limo in which John F. Kennedy was shot and the bus Rosa Parks rode when she refused to give up her seat ."," The red, worn chair will be removed from its enclosure at the Henry Ford Museum in Dearborn, Michigan, on April 15 . It will be displayed in an open plaza at the museum for the 150th anniversary of the assassination . Lincoln's chair has been part of the museum started by pioneering automaker Henry Ford - no relation to","The chair in which Abraham Lincoln was shot has been on display at The Henry Ford Museum in Dearborn, Michigan, for 85 years. 'The courthouse is pretty much the first thing Henry Ford acquired related to Lincoln and the chair came soon after.' A playbill from Our American Cousin from the night President Abraham Lincoln was assassinated on April 14, 1865 is shown on display at the Henry Ford Museum in Dearborn . 'There's something about the tangibility of these things.' The chair in which Lincoln was show is regularly displayed in an encasing at The Henry Ford Museum."
70e68bea7eb878b2880b2f81c934ce9a686087d8,Tottenham's new £400m stadium due to be completed for 2018-19 season . NFL said to be within five years of having a franchise in London . Wembley Stadium currently hosts NFL International Series games . Three regular-season NFL games will be played in London this year . CLICK HERE for all the latest Tottenham Hotspur news .," Tottenham are considering a state-of-the-art stadium with a retractable pitch . The new £400m stadium is due to be completed for the start of the 2018-19 season . Tottenham's new 65,000 capacity stadium could be better suited to the NFL than the 90,000-seat Wembley .","Tottenham are considering a state-of-the-art stadium with a retractable pitch that enables them to become the home of a new NFL London franchise. Tottenham are considering sharing their new £400m stadium with an NFL franchise . Spurs' new 65,000 capacity stadium could be better suited to the NFL than the 90,000-seat Wembley ."
578933f933255e7e22695c68f7e544dbc749dae3,"Terry Cooper, 79, said a badger the size of a large pig burst through hedge . The pensioner from Somerset said his Jack Russell dragged him indoors . Fears he may have been attacked by the badger if his pet hadn't been there ."," Terry Cooper, 79, was enjoying the sunshine in his garden with his dog Sam . The huge animal burst through a hedge with two cubs with six-inch teeth . Mr Cooper said his dog dragged him back indoors and fears he could have been attacked . National Farmers' Union has issued advice for residents on protecting their property from","Shocked: Pensioner Terry Cooper said the huge badger burst through a hedge with two cubs (stock image) Mr Cooper spotted the huge badger while sitting in his garden in the sunshine with his Jack Russell Sam . 'If I hadn't have had my dog there, the badger could have had me.' Following the scare, the National Farmers' Union has issued advice for residents on protecting their property from invading badgers (stock photo) He has covered the gap in his hedge with two pieces of metal and a bag of compost. Following the scare, the National Farmers' Union has issued advice for residents on protecting their property from invading badgers."
0814a342a56d75da7853c273a1d69f7222f01846,"Kabul faces uncertain future as NATO presence -- and the money that came with it -- fades away . Interpreters are out of work, NATO trucks sit idle on roads, restaurants are empty ."," The U.S. Embassy and NATO declined to comment for this story . It is a city transformed, swollen in size but shrunken in scope, anxiously awaiting what comes next . The city's population is five times what it was when NATO arrived here .","I am living in a market, in one of the empty shops."" Another adds: ""My family, everybody, give up on me, they are nervous."" A third man -- all requested anonymity -- says: ""Right now I sleep here, on the street, in this mosque area."" ""We are in prison in Afghanistan,"" a fourth says. Drive out east -- past the women in burqas who sit on road bumps, holding their children, hoping drivers will slow enough to throw them change -- and you see roads lined with the detritus of America's war here. Further down the road too are more winners-turned-losers of the NATO presence here."
f392915003cfbb198462fe53a00f8d1b784940ef,"Chef Sam Longhurst of Splendid Kitchen Manchester created the burger . The 10-inch tall Whole Damn Farm burger weighs half a kilogram . Two beef burgers, chicken thigh, pulled pork, bacon, ham and bacon jam ."," The Whole Damn Farm is the creation of Sam Longhurst, head chef of Splendid Kitchen, Manchester . He devised the mega meal after he was challenged by diners to create a burger containing three kinds of meat . Two beef burgers weighing 220g, a layer of homemade bacon jam, 100g of ham chunks and a whole","The Whole Damn Farm burger features two beef burgers, homemade bacon jam, ham chunks, a whole chicken thigh, barbequed pulled pork and bacon rashers . The monstrous meat feast has two beef burgers weighing 220g, a layer of homemade bacon jam, 100g of ham chunks and a 150g whole battered and fried chicken thigh. With a meat equivalent of six Big Macs the burger was created after a customer presented with the restaurant's 'Cow & Chicken' burger - a feast in its own right - remarked, 'It's almost the whole damn farm.' Mr Longhurst said: 'We are always up for a challenge and when a customer seemed disappointed by a burger that only contained beef and chicken, we knew we had to take it one step further."
1699cfcf49de1f7b02ea39e985a005afa835e957,"Robby Mook, Hillary Clinton's soon-to-be campaign manager, distributes a ""values statement"" The memo maintains that the campaign must remain humble, disciplined and united .","Hillary Clinton's campaign-in-waiting meeting was held Saturday in Brooklyn, a source says . Clinton's soon-to-be campaign manager distributed a ""values statement"" at the meeting . The document says the campaign will try to avoid mistakes that plagued Clinton's failed 2008 run .","The campaign's purpose, the document states, is ""to give every family, every small business, and every American a path to lasting prosperity by electing Hillary Clinton the next President of the United States."" The document makes clear that the campaign will try to avoid mistakes that plagued Clinton's failed 2008 run. The memo maintains that the campaign must remain humble, disciplined and united, something voters in Iowa and others states have said Clinton did not do in 2008. ""This campaign is not about Hillary Clinton and not about us,"" reads the document that was obtained by CNN."
7bb9b99722b6022f591bedf7be8c9b7230d61fc3,President Michelle Bachelet signs law that will take effect in six months . Chile joins several other South American nations that allow the unions ., The new law will take effect in six months . It will give legal weight to cohabiting relationships between two people of the same sex and between a man and a woman .,"(CNN)Civil unions between people of the same sex will soon be recognized in Chile. The country joined several of its South American neighbors in allowing the unions when President Michelle Bachelet enacted a new law on Monday. But marriage between people of the same sex is legal only in Argentina, Brazil and Uruguay."
e79adc659be81f02e9b4109aa1e31c350520f63a,Jack Wilshere captained Arsenal Under 21s against Reading Under 21s . Gunners first team players Abou Diaby and Serge Gnabry also featured . Niall Keown scored with a header for the Royals after only eight minutes ., Jack Wilshere made his long-awaited comeback from injury in Arsenal U21's 1-0 defeat by Reading . Former Arsenal defender Martin Keown's son Niall scored the eventual winner for the visitors . Wilsheres was joined by Serge Gnabry and long-term absentee Abou Diaby who managed to last,"Jack Wilshere continued his return from injury to captain Arsenal Under 21s, but could not prevent a 1-0 defeat by Reading's youngsters at the Emirates Stadium. Jack Wilshere made his long-awaited comeback from injury in Arsenal U21's 1-0 defeat by Reading . Another long-term Arsenal absentee Abou Diaby (left) continued his own return from injury ."
13bcc22f88ef15f46a641fdf530709555b142599,"Photographer Rhiannon Taylor, 29, created the review site, In Bed With . The Australian gets paid to visit, review and photograph the best hotels . She aims to promote the unusual aspects such as biggest bed or best pies ."," Rhiannon Taylor, 29, from Australia has turned her photography skills and penchant for globetrotting into a business . The prolific Instgrammer has more than 12,000 followers on Instagram . She has travelled the world from Indonesia to the US and Mexico to document great hotels . The Melbourne-based photographer also works with","Dream job: Rhiannon Taylor travels the world reviewing beds, pools and room service . She writes about everything form the best pies to the biggest beds and has travelled the world from Indonesia to the US and Mexico to document great hotels. 'Social media really catapulted my site to the world."
cd95912d4f96cfc576c146cc507a4e108cac0cc5,Romanian company MB Telecom revealed the Roboscan 2M Aeria . It uses a cone of radiation to sweep across planes and look inside . The device is accurate enough to find a filament in a light bulb . But the radiation it emits is not safe for passengers yet ., The Roboscan 2M Aeria is being developed by Romanian company MB Telecom . It uses a cone of radiation to sweep across planes and look inside . The device is accurate enough to find a filament in a light bulb . But the radiation it emits is not safe for humans to be in the plane when it is operated .,"The first is the operating truck, from which an operator can use the system and look inside the plane. By firing X-rays out of the arm, a cone of radiation sweeps over the plane. The first is the operating truck (shown), from which an operator can use the system and look inside the plane ."
183c4658255d2c5d2b5ef634a613471bb7504e17,"The MoD accidentally published information on Falklands RAF base online . Mount Pleasant aerodrome is home to four Eurofighter Typhoon jets . Argentina is considering leasing 12 Sukhoi SU-24 bombers from Russia . The supersonic attack aircraft can carry 3,000kg of bombs 650 miles ."," The Aerodrome Manual was accidentally uploaded onto a public section of the MoD's website . It has the exact GPS co-ordinates of vital facilities as well as information on the depth of concrete on the runway . The details could be used as 'an invasion guide' by Argentina, with the technical information providing excellent intelligence to","The details could be used as 'an invasion guide' by Argentina, with the technical information providing excellent intelligence to any Argentine bombers sent to attack the islands. The Falklands Islands are defended by a squadron of RAF Typhoon aircraft operating from Mount Pleasant aerodrome on West Falkland, supported by a refueling tanker to extend their operational area . The Cold War-era jet has a maximum range of 650 miles - which means it could attack the Falklands Islands and return to Argentina without the need to refuel."
f11efd6ffa4277600d300a4027bd59084ac4d748,"Nitrogen gas causes a quick loss of consciousness and then death from lack of oxygen, Oklahoma says . The state's executions are on hold while the U.S. Supreme Court reviews the state's use of lethal injections .",Oklahoma Gov. Mary Fallin signed a bill on Friday that would allow the state to perform executions with nitrogen gas if lethal injection is ruled unconstitutional or unavailable . CNN affiliate KFOR says it's never been used in an execution in the United States .,"Nitrogen causes a quick loss of consciousness and then death from lack of oxygen, Fallin's office said in a press release. Fallin reaffirmed her support for the death penalty. The bill I signed today gives the state of Oklahoma another death penalty option that meets that standard."" The governor's office said the first alternative for execution is lethal injection, followed by nitrogen gas, the electric chair and the firing squad."
97cc574a1ca3cb7eba3673908fd9d86ce6c670cd,"Sam Barton had £55,000 of plastic surgery including two NHS operations . 22-year-old says trolls traced him online then egged him in the street . Celebrity wannabe says abuse over his appearance forced him to move . But he has also gone bankrupt financing cosmetic surgery and partying ."," Sam Barton, 22, has had £55,000 of cosmetic surgery to look like Joey Essex . He was attacked by a group of men who pelted him with eggs from a car on Easter Monday . He believes the culprits tracked him down using his Facebook posts and then attacked him in the street . The 22-year-","Attack: Sam Barton, who has had £55,000 of cosmetic surgery to look like Joey Essex, was egged on Easter Monday (pictured) 'Britain's vainest man' who had taxpayer-funded plastic surgery  to look like reality star Joey Essex said today he is being bullied online by a gang who have now  thrown eggs in his face. Spending: Barton has spent £20,000 on treatment for his teeth, around £5,000 on Botox, £2,000 on waxing and £2,500 on tanning treatment. He has spent £20,000 on treatment for his teeth, around £5,000 on Botox, £2,000 on waxing and £2,500 on tanning treatment."
a4ba204692edde9fcf23d1748b6e0fdd926e42a1,David Cameron will pledge to sell Lloyds shares if he wins the election . Government hold shares after Labour's £20billion bailout in 2008 . The £4billion sale would be the biggest privatisation since the 1980s .," David Cameron will launch a multi-billion pound sale of Lloyds Bank shares if he wins the Election . Individuals will be allowed to buy up to £10,000 worth of shares worth 78.7p when the stock market closed on Friday . It is the latest ‘retro’ Conservative policy to hark back",David Cameron will launch a multi-billion pound sale of Lloyds Bank shares if he wins the Election – in what would be the largest privatisation bonanza since the Thatcher era. The Prime Minister will today pledge that if he is returned to Downing Street he will offer the public £4 billion of Lloyds shares still held by the Government after Gordon Brown’s £20 billion panic bailout with taxpayers’ money during the 2008 economic crisis. David Cameron will launch a multi-billion pound sale of Lloyds Bank shares if he wins the Election .
ddb31c6eda445db91a0e859a59412df0cd8d056c,"Imam Abdul Hadi Arwani called to a building job in the area he was killed . Possible client appeared to back off when Arwani arrived with his son . Anti-Assad activist found in the area days later, victim of a professional hit . Police look at personal and financial ties as possible motivation for killing ."," Abdul Hadi Arwani, 48, was shot and killed in his car on a quiet street in North West London . He was apparently called to a job in the area he was killed days before his death . The imam, who had links to the Muslim Brotherhood in the UK and abroad, was killed with his son","One Syrian opposition activist has said despite Arwami’s standing and his participation in protests against the Assad regime in London in 2012 (pictured) the imam was an unlikely target for assassination . One Syrian opposition activist has said despite Arwani’s standing and his participation in protests against the Assad regime in London in 2012 the imam was an unlikely target for assassination. Imam: Mr Arwani was a preacher at the An-Noor Mosque (pictured) in Acton, West London, which has a reputation for hosting fundamentalist speakers ."
18f7505fa80eaa981a2f52fbb96fcea5908cd4ee,"Paulo Dybala is being tracked by Manchester United, Chelsea and Arsenal . Inter Milan, Juventus and Paris Saint-Germain are among others interested . Inter boss Roberto Mancini was spotted at the Palermo match on Sunday . Palermo president Maurizio Zamparini is demanding £36m from PSG . READ: Dybala says he would love a Serie A stay ."," Palermo president Maurizio Zamparini has slapped a €50million (£36m) price tag on Paulo Dybala . Manchester United, Chelsea, Arsenal, Inter Milan, Juventus and Paris Saint-Germain are all interested in the Argentine . Inter Milan boss Roberto Mancini was spotted at","Palermo president Maurizio Zamparini has slapped a €50million (£36m) price tag on Paulo Dybala, telling Paris Saint-Germain they will have to spend big to sign the 'new Lionel Messi'. Palermo president Maurizio Zamparini has slapped a €50million (£36m) price tag on Paulo Dybala . Dybala is wanted by Manchester United, Chelsea, Arsenal, Inter Milan, Juventus and Paris Saint-Germain ."
4511bb7f000f7781a94fd4ee9acc88b65a984cd6,"Newcastle boss John Carver is relishing the chance to take charge of his hometown club against Sunderland in the Wear-Tyne Derby . Carver has been part of the coaching staff for previous Newcastle managers Alan Pardew, Sir Bobby Robson and Ruud Gullit . He was Gullit's assistant when Newcastle were beaten 2-1 by Sunderland after the Dutchman benched  Alan Shearer and Duncan Ferguson . Carver insists that he will not make the same mistakes as his predecessor .", John Carver is relishing the chance to take charge of his hometown club against Sunderland on Sunday . Carver was assistant to Ruud Gullit who managed Newcastle between 1998 and 1999 . The Dutchman left out Alan Shearer and Duncan Ferguson and paid for his selection with his job after a 2-1 defeat .,"His first in the dugout was as assistant to Ruud Gullit in August, 1999, when on a sodden night at St James' Park the Dutchman left out Alan Shearer and Duncan Ferguson and paid for his selection with his job after a 2-1 defeat. 'He said he was going to leave out Alan and Duncan. At the end of the day, it's all about getting the win.' Carver was also assistant manager to Alan Pardew, who lost four successive games against Sunderland ."
eeafdc8b2d8130cabda5aafe352eab1198d0b9f8,Singing the national anthem is a risky proposition . Whitney Houston nailed it; Roseanne Barr destroyed it .," Mötley Crüe's Vince Neil reminded us of the dangers of tackling ""The Star-Spangled Banner"" The late Whitney Houston set the modern standard for the national anthem at Super Bowl XXV .","Just ask Vince, Whitney, Roseanne, Jimi and Michael. To say Neil butchered the song before the Las Vegas Outlaws Arena Football League game would be unkind to those in the profession. Guitar slinger Jimi Hendrix inflamed mainstream America with his psychedelic take on the national anthem to the delight of the Woodstock generation."
411a41cc74e2baa5a8cb1540f958b177a007d34d,"Andreas Christopheros was left fighting for his life when corrosive liquid was thrown in his face outside his Truro, Cornwall, home on December 9 . Nicole Phillips, 45, from Hastings, has been charged with perverting the course of justice and will appear at magistrates' in Bodmin on April 30 . Husband David Phillips, 48, had already been charged over the attack . Has denied grevious bodily harm with intent and will stand trial in June ."," Andreas Christopheros, 29, was left fighting for his life when corrosive liquid was thrown in his face . Nicole Phillips, 45, from Hastings in East Sussex, has been charged with perverting the course of justice . Her husband David Phillips, 48, had already been charged. He pleaded not guilty to the charge and was rem","Andreas Christopheros, 29, was left fighting for his life when corrosive liquid was thrown in his face . Property developer Andreas Christopheros, 29, was left fighting for his life when corrosive liquid was thrown in his face outside his home in Truro, Cornwall. Mr Christopheros' property  in Truro (pictured) was cordoned off after he was attacked outside it in December ."
0af9b1f2ad78c63e8f5b4fbee0bd58065fdf0bab,Dustin Irons was appearing in court via video-link on a large TV screen . Indecently exposed himself when he was unhappy with court proceedings . Unamused judge added 30 days to his sentence for the lewd gesture .," Dustin Irons was appearing over video-link to a court in Oregon when he managed to pull down his pants for the lewd gesture . The outraged judge sentenced him to an extra 30 days in jail for contempt of court . Irons, 26, has been in prison since December after he was arrested for trashing a hotel room and assaulting","The outraged judge sentenced him to an extra 30 days in jail for contempt of court. The unamused judge added an extra 30 days onto Irons' detention . Irons appeared in the hearing via a video-link from Umatilla County Jail, with his image shown on a large TV to the courtroom."
2c05ddcc2bf50bd20dfc8c16f124d32867075b32,"B.B King is now out of the hospital and back at home . Bluesman suffered from dehydration and exhaustion after a 2014 show in Chicago . B.B. is short for Blues Boy, part of the name he used as a Memphis disc jockey ."," ""I'm feeling much better and am leaving the hospital today,"" B.B. King's dehydration was caused by his Type II diabetes, but he ""is much better,"" his daughter says . No more information on King's condition or where he was hospitalized was immediately available .","King was hospitalized for dehydration, though the ailment didn't keep him out for long. King's dehydration was caused by his Type II diabetes, but he ""is much better,"" his daughter, Claudette King, told the Los Angeles Times. It became a custom-made signature model named Lucille, manufactured exclusively for the ""King of the Blues."" Some of his hits include ""The Thrill Is Gone,"" which won him his first Grammy in 1970, ""There Must be a Better World Somewhere"" and ""When Love Comes to Town,"" a collaboration with U2."
17a4fab8b6b1ca439c742ef9bc7af6c7e7cd741b,"A powerful storm capsized several sailboats participating in a regatta, and crews searched for at least four people missing in the waters . Dauphin Island Mayor Jeff Collier said that at least one person was confirmed dead, but he did not know the cause . 'It's been a very tragic day,' Michael Smith, with the Buccaneer yacht club . The identities of those who are dead and missing have not yet been revealed ."," More than 100 sailboats and as many as 200 people were participating in the Dauphin Island regatta in Mobile Bay, Alabama, on Saturday . The storm rolled through the area about 4 p.m. and a man was plucked from the waters by the Coast Guard . At least one person was confirmed dead, but","At least one is dead after a powerful storm capsized several sailboats participating in a regatta, and crews searched late on Saturday for at least four people missing in the waters, the Coast Guard said. It was a wide area,' said Dauphin Island Mayor Jeff Collier . It was a wide area,' said Dauphin Island Mayor Jeff Collier."
0fa90fcb33fbd4e3247192a1bf527b72ae7075f0,Reading are 18th in the Championship while Birmingham City sit in 15th . Clayton Donaldson's 83rd minute header secured the three points . The FA Cup semi-finalists dominated possession but were made to pay ., Clayton Donaldson scored a late winner for Birmingham City as they beat Reading 1-0 . Reading were involved in a dramatic 2-1 defeat against Arsenal in the last four of the FA Cup on Saturday . Reading lost their second game in as many matches as their poor form continues .,"Clayton Donaldson (left) scored a late headed winner for Birmingham City as his side defeated Reading 1-0 . READING: Federici, Gunter, Cooper, Hector, Ake, McCleary (Appiah 63), Karacan, Chalobah, Obita, Mackie (Stacey 63), Blackman (Novakovich 81) Subs not used: Kelly, Norwood, Akpan, Andersen . Birmingham threatened only rarely, Paul Caddis blazing over from a Diego Fabbrini cross, which Donaldson had missed, and Jonathan Grounds heading straight at Federici from a Caddis corner."
c01094cd248d46d04d3dd47fafde7025b13a500a,"Samantha Rawcliffe, lost control of her body and crashed her car last May . Days later she lost control of her bladder and was shaking uncontrollably . In September doctors diagnosed her with functional neurological disorder . She is incontinent and confined to her house unable to walk or drive ."," Samantha Rawcliffe, 40, from Morecambe, lost all control of her body while behind the wheel of her car . She blamed her uncontrollable shaking in the aftermath of the accident on her shock . The mother-of-two has been diagnosed with the rare illness functional neurological disorder . It is an umbrella term for a variety of","Gripped by what would later be diagnosed as a rare brain disorder, the 40-year-old crashed. Samantha Rawcliffe, 40, from Morecambe, has been diagnosed with the rare condition functional neurological disorder - an umbrella term to cover a range of neurological symptoms . 'When I was told I had FND, I didn't even know what  it was and it just isn't out there, it's so rare.' Following her accident on May 26, last year, Mrs Rawcliffe was taken to the Royal Preston Hospital to meet neurologists."
