dialogue,reference,base_summary,fine_tuned_summary
"Olafur: are we doing anything for New Year's Eve?
Nathalie: I was thinking about something classy, like opera or sth like that
Zoe: how much does it cost?
Olafur: opera is not for me
Nathalie: so what do you propose?
Nathalie: it's 100$ 
Olafur: I was thinking about partying somewhere
Nathalie: partying sounds fun, as long as it will be classy
Zoe: <file_link>
Zoe: Breakfast at Tiffany's party sounds classy
Olafur: <file_link> 
Olafur: is it classy enough?
Nathalie: :O
Nathalie: this club is AMAZING
Zoe: whoa
Nathalie: we'll going to Soho then
Olafur: we just need to hurry up and buy some tickets soon
Zoe: sure","Nathalie, Olafur and Zoe are planning the New Year's Eve. Nathalie wants something classy. Olafur doesn't like opera. They want to go to the Breakfast at Tiffany's party in Soho.","Olafur, Nathalie and Zoe are planning a party for New Year's Eve. Nathalie and Zoe will go to Soho for breakfast at Tiffany's party. Olafur and Zoe need to hurry up and buy some tickets.",Olafur and Nathalie are planning a party for New Year's Eve. They will go to Soho and buy some tickets soon.
"Javier: Hey do you know any tattoo parlors over here with English speaking employees?
Judie: Oh there's Warsaw ink
Javier: the name sounds neat... have you had a tattoo done there?
Judie: nope but my gf has
Javier: got a pic?
Judie: <file_photo>
Javier: wow that looks amazing
Javier: how much did she pay?
Judie: it was a 1000
Javier: fuck
Javier: let me just get a tatttoo back in colombia then, thx",Javier was initially eager to have a tatoo done at Warsaw Ink but the price turned out to be too high. Javier decided to have a tatoo done in Colombia.,Javier and Judie have a tattoo done in Warsaw. Judie had a tattoo done there. Javier will get a tatttoo back in colombia.,Javier and Judie have a tattoo done in Warsaw. Judie had a tattoo done there. Javier will get a tatttoo back in colombia.
"Martha: Hey, can I ask you a question?
Ophelia: Do we know each other?
Martha: We don't, but do you mind if I ask you about the lenses from your profile picture? they are awesome and I would like to buy the similar ones
Ophelia: it's from Crazy Lenses. They have quite reasonable prices and very fast shipping.
Martha: Thanks!!! I'll check them :)
Ophelia: No problem :)",Martha likes Ophelia's lenses and wants to buy similar ones. Ophelia got them from Crazy Lenses.,Martha and Ophelia are looking for similar lenses from their profile picture. They are from Crazy Lenses. They have reasonable prices and very fast shipping.,Martha and Ophelia will buy similar lenses from Crazy Lenses.
"Miranda: Hi S, could we cancel tomorrow's meeting?
Stephanie: again? what happened?
Miranda: I have to work :(
Stephanie: you work 20 hours a day!
Miranda: that's what young doctors do
Stephanie: they kill themselves working
Miranda: no they come close to death but survive and it makes them immortal
Stephanie: as long as you have an explanation :D",Miranda can't make her meeting with Stephanie as she has to work. ,Miranda and Stephanie will cancel tomorrow's meeting. Stephanie has to work 20 hours a day.,Miranda and Stephanie will cancel tomorrow's meeting. They have to work 20 hours a day.
"Sam: Where are you?
Kate: downstairs
Sam: already?
Kate: sure, come down
Jeff: We're in the little room next to the reception
Kate: have you noticed the woman making a cake?
Sam: yes
Kate: did you see the cake?
Sam: I didn't pay attention, why?
Kate: there was a huge penis on it
Kate: made of marzipan or sth
Sam: hahah, really?
Kate: when I noticed it, I started laughing
Kate: so she laughed too
Sam: nice
Kate: I asked her what's she doing
Kate: Somebody ordered a cake with a huge penis with balls and chocolate hair
Sam: hahah, I must see it!
Kate: she is working in the small room under the stairs
Sam: right, there is a kitchen",Kate and Jeff are downstairs in a room next to the reception. Some lady is making a marzipan cake. ,Kate and Jeff are in the little room next to the reception. They are in a small room next to the reception. Kate ordered a cake with a penis with balls and chocolate hair. She is working in the small room under the stairs.,Kate and Jeff are in the little room next to the reception. They're in the small room next to the reception. Kate ordered a cake with a penis with balls and chocolate hair.
"Pete: What flavour yogurt did you want again? My brain is like a sieve today.
Jen: Pear but only if they've got it. Otherwise don't worry about it.
Pete: I'll have a look around. If they don't have pear can I get a different flavour?
Jen: I don't like any other flavour. If they don't have pear just don't get anything at all then.
Pete: OK.",Pete will get a pear yogurt for Jen if they have it.,"Jen and Pete want a different flavour of yogurt. Jen doesn't like pear, but if they don't have pear, they don't get anything at all. Jen doesn't like any other flavour, but if they don't have pear, they don't get anything at all.","Jen doesn't like any other flavour, so Pete will have a look around. Jen doesn't like any other flavour, so if they don't have pear, they don't get anything at all."
"Bradley: haha look a cat invaded the pitch at Goodison <file_other>
Jill: hahahaha
Julia: what a sweet little black ball of fur
Jill: here's the video :D <file_other>
Julia: haha
Bradley: and the commentary :D
Bradley: that's the best entertainment Everton fans have had all season :D",A sweet little black cat got into the pitch during the Everton's football match.,A cat invaded the pitch at Goodison.,A cat invaded the pitch at Goodison.
"Barry: I'm gonna go march in Women's strike, anyone interested?
Jake: I am, already made plans with some friends, wanna join?
Dave: I am down too, Kelly is coming with me
Barry: Let's just meet around the campus at noon","Barry, Dave, Kelly, and Jake will meet around the campus at 12 to join Women's strike.","Barry, Jake and Kelly are going to march in Women's strike. Dave, Dave and Kelly will meet around the campus at noon.","Barry, Jake and Kelly are going to march in Women's strike. Dave, Dave and Kelly will meet around the campus at noon."
"Harris: How are U?
Lena: Fine, U?
Harris: Been better.
Lena: ?
Harris: My friend Aoki died yesterday.
Lena: O No!
Harris: Yeah.
Lena: What happened?
Harris: Not sure yet. Thinking the worst...
Lena: O how awful!
Harris: Yes.
Lena: You just never know.
Harris: True.
Lena: Had you seen her lately?
Harris: Not for a few months. She lives in Michigan.
Lena: Oh, that's far.
Harris: Not too far but far enough.
Lena: Right.
Harris: Got to go, mom's calling.
Lena: K bi. Feel better!
Harris: K will do","Harris' friend, Aoki, who lives in Michigan, died yesterday. Harris hasn't seen her for a few months.",Lena's friend Aoki died yesterday.,Harris' friend Aoki died yesterday.
"Sam: Are you working tomorrow?
Carla: No, it's my day off
Sam: I'm free in the afternoon, do you fancy meeting up?
Carla: Yeah, sure
Sam: Ok, great! Shall we go to Meanwood?
Carla: Ok, there's that cafe there that does the yummy cakes. Meet you at 2?
Sam: Yes - looking forward to it!
Carla: See you tom! xx",Carla has a day off tomorrow. She will meet Sam in Meanwood in a cafe at 2 pm.,Carla is working tomorrow. Sam is free in the afternoon. Sam and Carla will go to Meanwood cafe. Sam and Carla will meet at 2.,Carla is working tomorrow. Sam is free in the afternoon. Sam and Carla will go to Meanwood cafe.
"Jane: google maps says it is at least 3h <file_other>
Steven: I used to make it in 2, trust me :D
Jane: but it's almost 300km..
Steven: the road is new , we will make it ^^
Jane: I don't want  to stress out , let's meet at 4:30 instead of 5, ok?
Steven: ok, if u reaaly want, we can meet at 4:30
Jane: thx! 
Jane: I will wait at the main entrance or where?
Steven: main entrance is good for me;-) 
Steven: cu",Jane wants to leave at 4.30 instead of 5 because Google Maps suggests the 300 km drive should take them at least 3 hours and she doesn't want to be late. She will wait for Steven at the main entrance.,Jane and Steven will meet at the main entrance at 4:30.,Jane and Steven will meet at the main entrance at 4:30.
"Timmy: Who do u wanna invite?
Gemma: Well, there's u and ur date :)
Timmy: Not sure about the date, but I'll be there :) who else?
Gemma: I was thinking about Lona and Michelle.
Timmy: Still thinking ur getting invites to their weddings?
Gemma: It's not like that.
Timmy: Sure it is ;) just don't wanna admit it ;)
Gemma: Fine! I want to come to their wedding receptions!
Timmy: There we go :) was it so hard?
Gemma: Yes.
Timmy: And u think u can change their minds?
Gemma: Dunno.","Gemma will invite Timmy and his Date, as well as Lona and Michelle to her wedding.",Gemma and Timmy are going to their wedding receptions. Gemma wants to come to their wedding receptions.,Gemma wants to invite Gemma to their wedding receptions. Gemma wants to come to their wedding receptions.
"Anna: Mum, I have a awful stomachache.
Joanna: Oh, dear, when did you get it?
Anna: At night, and it won’t stop:-(
Joanna: Is it something you ate?
Anna: Maybe. I'm not sure.
Joanna: What did you have for breakfast?
Anna: The usual, cereal with milk and a banana.
Joanna: Maybe the milk was bad.
Anna: It didn't smell bad.
Joanna: Maybe the banana was bad.
Anna: No, the banana was delicious.
Joanna: Maybe you just need to go to the bathroom.
Anna: No, that's not the problem.
Joanna: Maybe it will go away in a little while.
Anna: I wish it would :-(
Anna: Hopefully. If not, maybe we should go and see a doctor.
Joanna: Yeah, I think so...
Anna: I’ll get you a hot tea with some fresh mint leaves. Hope it will help. 
Joanna: Please do, I’m in my room...
Anna: Will be in ten minutes:-)",Anna got an awful stomachache at night but she doesn't know its cause. Her mom Joanna will make her hot tea with some fresh mint leaves.,Anna has a stomachache. Joanna will get Anna a hot tea with fresh mint leaves. Anna will be in her room in ten minutes.,Anna has a stomachache. Joanna will get Anna a hot tea with fresh mint leaves. Anna will be in her room in ten minutes.
"Yaz: Going to slimming club tonight?
Mary: Well, I don't want to, but I really should. I've been so bad, though!
Yaz: Me too, choccies, wine, cake, you name it!
Mary: Well, we should bite the bullet. She'll tell us off, I expect. Feels like being back at school!
Yaz: Well, she IS our old cookery teacher! See you at 6ish, pick you up!?
Mary: Yep! See you then!",Yaz and Mary are meeting tonight around 6 and going for the slimming club together. They expect to be scolded for eating too much. ,Yaz is going to slimming club tonight. Mary will pick her up at 6ish.,Yaz is going to slimming club tonight. Mary will pick her up at 6ish.
"Ethan: who's going to see solstafir?
Noah: solstafir! when?
Noah: i had no idea they were playing
Archie: I'm not :D.
Leo: i'm going ofc!
Ethan: 21.11
Noah: that's a wednesday... ehh...
Noah: i'll have to see, might have to stay late at work...
Leo: nooo you have to come
Ethan: yeah you have to!
Archie: There are better concerts :P.
Noah: i know, i would really like to see them, but yeah
Leo: archie... :P
Ethan: don't mind him :P
Noah: i'll see and let you know, it would really suck to miss them
Leo: yup!
Ethan: yup! x2","Ethan and Leo are going to see Sólstafir on 21.11. Noah would like to go too, but he might have to stay late at work.",Noah and Archie are going to see solstafir on Wednesday at 21.11. Noah will have to stay late at work to see them.,Noah and Archie are going to see solstafir on Wednesday at 21.11. Noah will have to stay late at work.
"Natacha: hi, i can come and pick you up at the RER.
Charles: so  nice. I just landed. I think i'll arrive about 5:30pm. I'll give you a call
Natacha: ok ,call  me when  you'll be at the station Vesinet. 
Charles: thanks . see you",Charles has just landed and he will be at RER about 5.30 PM. Natacha will pick him up from there.,Natacha will pick Natacha up at the RER at 5:30 pm. Charles will pick Natacha up at the station Vesinet.,Natacha will pick Natacha up at the RER at 5:30 pm. Charles will call Natacha when she'll be at the station Vesinet.
"Steve: hiya the dishwasher has turned up
Mum: good did they install it for you
Steve: yes they did a good job
Steve: <file_photo>
Mum: looks really nice
Steve: yes it does its nice and quiet
Mum: is it a 12 place setting one?
Steve: I think so, not that I ever have 12 for dinner lol
Mum: not but you dont have to put it on every day
Steve: no every other
Mum: yes I'm glad you are pleased with it xx
Steve: I am thanks mum xxx",Steve is happy that he got a new dishwasher installed.,The dishwasher has turned up. It looks nice and quiet. It is a 12 place setting.,The dishwasher has turned up. It looks nice and quiet. It is a 12 place setting.
"Joana: wana play some games?
Sandy: what games?
Joana: maybe dixit?
Joana: or carcassonne?
Sandy: why not?
Joana: ok, I'll bring them 2 u
Sandy: great :)",Joana will bring Sandy some games like dixit and carcassonne.,Joana wants to play some games with Sandy. Joana will bring carcassonne.,Joana wants to play some games with Sandy. Joana will bring carcassonne.
"Meg: still at school?
Ann: i have extra math classes
Meg: so when can i meet you?
Ann: i will be home at 7",Ann is still at school. She will be home at 7 so she can meet Meg then.,Ann will meet Meg at 7.,Ann will meet Meg at 7.
"Mell: Hi there! How are you doing?
Gloria: Hi Mell! We are fine, just the daily grind ;) And yourselves?
Mell: Not much happening either. An odd phone call with the kids. Or Tad's sister:(( Not much otherwise.
Gloria: Yeah... Life has become so quite since the kids are out of the house. We had more to get used to it. But it must hard for you. Especially you I mean.
Mell: I don't know. Sometimes I even forget that I should be missing them. In a way I do like this peace and quiet now.
Gloria: Small wonder. You had a hell of a time with them just before they went to college. I'd say you need to recover now.
Mell: I guess you're right. But maybe I should feel guilty or something?
Gloria: Don't be silly! You are a fantastic mom.
Mell: Thanks Gloria.
Gloria: Anyway I'm happy to hear from you again. We should really have a nice do again.
Mell: YES! Splendid!
Gloria: The weather is just brilliant, perfect for a BBQ. What do you think?
Mell: I'm all for it. At my place? I'd love it.
Gloria: Can't be better. I love your garden.
Mell: We're thinking about extending the terrace. I must show you my drawings, just a few ideas. It would be great to hear your opinion.
Gloria: I'd love to. But you know how little I know about garden design, or however you call it.
Mell: We'll have a look at them. Now the BBQ. At the weekend I suppose?
Gloria: Let me check the calendar. Here's our family planner. A horrible name, isn't it? So this weekend suits us fine. At the next one, on Saturday, Mark has penciled something in but I can't read it. So what about this Saturday?
Mell: Perfect. At least we know the weather holds. Shall I do the food and you the drinks?
Gloria: And I'll get us some dessert as well. 
Mell: Very good indeed. It's always so easy going with you.
Gloria: Ta! You were thinking about Tad's sister?
Mell: I'm afraid so. I'm so happy she moved up to Scotland and I don't have to put up with her trying to run my household. Tad feels relieved too.
Gloria: Good riddance! I could really never warm up to her.
Mell: Nobody can! Anyway she's gone and we're going to have a fantastic barbecue. Without her.
Gloria: Yes, we are. Oh I'm so happy you've phoned!
Mell: Looking forward to our BBQ on Saturday!
Gloria: So long!","Gloria and Mell plan to have a barbeque at Mell's place on Saturday. They are happy, because Tad's sister moved to Scotland. Mell needs Gloria's advice on garden design.","Gloria, Gloria and Tad's kids are out of the house. They have a phone call with the kids. Gloria and Tad's sister will have a barbecue on Saturday. Gloria and Tad's sister will have a barbecue on Saturday.",Gloria and Tad's kids are out of the house. They have a phone call with the kids. Gloria and Tad's sister will have a barbecue on Saturday.
"Ana: You sleeping?
Catherine: Not yet.
Ana: Wanna go visit grandma tomorrow? I miss her.
Catherine: Yeah that would be nice :) I'll call you when I wake up
Ana: Oki :) sleep well, good night.
Catherine:  Good night, u too.",Ana wants to visit grandma tomorrow. Catherine will go with her. She will call Anna when she wakes up.,Catherine will visit grandma tomorrow. Catherine will call Ana when she wakes up.,Catherine will visit grandma tomorrow. Catherine will call her when she wakes up.
"Sam: You own a really nice hotel, guys 😊
Jessica: Thanks Sam 😊
Michael: Thanks, mate 
Sam: How is our hotel room set for next month? Hope that the manager will arrange the very best for us 😉
Michael: you’re damn right, Sam
Michael: are you coming on the 15th of August?
Sam: Yep! We’ll be at the hotel around 2 p.m.
Jessica: I’m soooo happy to see you again!
Sam: Me, too 😊",Sam appreciates the hotel owned by Jessica and Michael. Sam is going there on the 15th August at around 2pm.,Sam and Michael are coming to the hotel on the 15th of August. They will be at the hotel around 2 p.m. Sam is happy to see him again.,Sam's hotel room is set for next month. Michael and Sam will be at the hotel around 2 p.m. Sam is happy to see him again.
"Casey: <file_photo>
Amelia: these are so nice!!! did you do them yourself?
Kristen: wooow amazing
Amelia: i want my nails done like that too!
Casey: yeah i did it myself :D got a new nail polish but damn it took me nearly 4 hours lol
Amelia: can you do it for us too?
Kristen: pretty please!
Casey: sorry you guys... it was a nightmare :( seriously 4 hours for nails is too much","Casey got a new nail polish and did her nails herself. It took her nearly 4 hours, so she won't do her friends' nails, as it takes too long.",Kristen got a new nail polish and it took her nearly 4 hours.,Kristen got a new nail polish and it took her nearly 4 hours.
"Paul: I just came back home
Paul: What a busy day
Paul: I forgot about my physiotherapy 
Emma: Oh no
Paul: It's ok, I'll schedule a new appointment
Emma: I'll be home after midnight
Paul: Do you want me to prepare some food for you?
Emma: That would be lovely","Paul forgot about his physiotherapy and he will schedule a new appointment. Emma will be home after midnight, so Paul will prepare some food for her.",Paul forgot about his physiotherapy. He will schedule a new appointment after midnight. Emma will be home after midnight.,Paul forgot about his physiotherapy. He will schedule a new appointment after midnight. Emma will be home after midnight.
"Ellie: hey, are you at the university?
Aaliyah: yep
Camille: I'm sick :/
Ellie: shiet....that's bad
Ellie: Aali, where are we having our classes now?
Aaliyah: 342 on the second floor",Ellie's class is in 342 on the second floor.,Aaliyah and Camille are at the university. They are having classes now at 342 on the second floor.,Aaliyah and Camille are at the university. They are having classes now at 342 on the second floor.
"Peter: Can you send me the link of your beauty shop?
Joy: Definitely
Joy: It is https:// *********
Joy: Hope you will like it and feel free to ask any questions.
Peter: Okay. Let me look at it.",Joy sent Peter the link to her beauty shop.,Peter sends Joy the link of his beauty shop.,Peter sends Joy the link of his beauty shop.
"Jake: dude, I just pulled a TOTW
Jake: my first this year!
Tom: grats!
Tom: gonna sell it?
Jake: yeah
Jake: I'll try him in one or two matches
Jake: he's not a good fit for my squads
Tom: you'll have plenty of coins to buy someone that fits
Jake: that's the plan
Jake: I got lucky with this one
Tom: my pull luck sucks this year
Tom: not a single great player 
Jake: you're good at the game
Jake: you don't need help :P
Tom: I like shiny things :P",Jake has got his first TOTW this year. Tom doesn't have a great team. ,Jake pulled a TOTW this year. Tom will try him in one or two matches. Jake will try him in one or two matches. Tom doesn't need help.,Jake pulled a TOTW this year. Tom will try him in one or two matches. Jake will try him in one or two matches.
"Mary: hey, im kinda broke, lend me a few box
Carter: okay, give me an hour, im at the train station
Mary: cool, thanks",Mary ran out of money. Carter is going to lend her some in an hour.,Carter will lend Mary a few box. Mary is at the train station.,Carter will lend Mary a few box. Mary is at the train station.
"Peyton: I have been asking you to bring that video game for me
Cameron: Honey, I am not having enough time to come home
Peyton: When would you come home?
Cameron: I will have to stay out of town for another week i guess
Peyton: Cant you just deliver that game through the courier? :P
Cameron: Dont be mean :/
Peyton: Get the job done and come to home then. ASAP :P",Peyton is expecting Cameron to bring the video game. Cameron will probably be out for another week.,Cameron is not having enough time to come home. He will have to stay out of town for another week. Peyton will deliver the game through the courier.,Cameron is not having enough time to come home. He will have to stay out of town for another week. Peyton will deliver the game through the courier.
"Tina: I'll tell you something, this Emirate staff looks amazing, as movie stars
Ala: Oh yes, I know, that's for purpose 
Ala: It's how it's suppose to be
Ala: They pay a lot of attention to the image
Tina: Looks nice, pleasure to observe
Tina: And I sucked at the airport, they've kept us one hour in the plane and finally I'll catch the evening flight back home
Tina: Could You imagine?
Tina: And you know, this way we had such a talkative pilot :-)
Ala: Oh, poor you
Ala: Pfff
Ala: And I'm on my way to a meeting
Tina: THE meeting?
Ala: Yes, keep your finger crossed
Tina: Sure, let me know how did it go
Ala: Ok darling, in touch",Tina will catch the evening flight back home. Ala is on her way to the meeting. She will let Tina know how it went.,Ala is on her way to a meeting. Tina is on her way to a meeting.,Ala is on her way to a meeting. Tina is on her way to a meeting.
"Ann: Congratulations!!
Ann: You did great, both of you!
Sue: Thanks, Ann
Julie: I'm glad it's over!
Julie: That's co cute of you, girl!
Ann: Let's have a little celebration tonight! 
Sue: I'm in
Julie: me too!!! aww","Ann, Sue and Julie did a great job and they will have a little celebration tonight.","Ann, Julie and Julie will have a little celebration tonight.","Ann, Julie and Julie will have a little celebration tonight."
"Callan: Something's wrong with my Samsung S8.
Wade: What, exactly?
Callan: All I get is a black screen.
Wade: Did you drop it or something?
Callan: I think I know, this has happened before.
Wade:  It did? What happened before?
Callan: It overheats and then it takes a while for it to restart again..
Wade: That sucks.. Be carefull with the battery, it can be dangerous.
Callan: It sure can, but I'm going to the store and let them see it. It's still under warranty.
Wade: Will you lose all your stuff?
Callan: No, I always back up my files.","Callan's Samsung S8 overheats, so he's going to the store to get it repaired.",Callan's Samsung S8 has a black screen. It overheats and then it takes a while for it to restart again. Callan is going to the store and let them see it.,Callan's Samsung S8 has a black screen. It overheats and then it takes a while for it to restart again. Callan is going to the store and let them see it.
"Terence: What the hell, Danny. You took my money, didn't you? :/
Daniel: What, your money?? Why would I
Terence: Don't play dumb
Daniel: Are you calling me a liar, Terry??
Terence: I'm not stupid, Danny
Daniel: And I'm not a thief?? That's not cool, man :/
Terence: ... Oh shit, I'm sorry, I've just found it. Forgot I'd placed it elsewhere last month
Daniel: Good for you then
Terence: Are you upset
Daniel: What do you think?? Yeah, oh-fucking-course I am",Terence accused Daniel of taking his money. Terence finds the money later and apologizes to Daniel. Daniel is still upset.,Terence's money is not a thief. Daniel found it last month. Terence's money is not a thief.,Terence has just found a thief's money. Daniel is upset because he's not a thief.
"Joyce: Check this out!
Joyce: <link>
Michael: That's cheap!
Edson: No way! I'm booking my ticket now!! ",Edson is booking his ticket now.,"Joyce, Michael and Edson are booking their ticket now.",Joyce is booking a ticket now. Edson is booking his ticket now.
"Damian: are you downtown?
Ethan: yes
Ethan: why?
Damian: can you buy me a kebab?
Damian: i'm starving
Ethan: why won't you cook something for both of us, huh?
Damian: man, give me a break, i had a rough day
Ethan: ok ok
Ethan: but i really wish you weren't such a parasite
Damian: i'll change, scout's honour",Ethan will buy Damian a kebab. Damian had a bad day.,Damian will buy a kebab for Ethan and Ethan.,Damian will buy a kebab for Ethan and Ethan.
"Steve: Bought the new Dream Theater album 5 minutes ago. I hope it's good.
Rob: I have it here on my desk, ready for the first listening.
Steve: Ok, I'll tell you later what I think about it.
Rob: Same here. See you later!","Steve and Rob will talk about new Dream Theater album, after they finish listening.",Steve bought the new Dream Theater album 5 minutes ago. Rob will tell him later what he thinks about it.,Steve bought the new Dream Theater album 5 minutes ago. Rob will tell him later what he thinks about it.
"Sue: Call me when you get this.
Sue: it's important
Steve: OK, I'm calling",Steve is calling Sue at her request.,Sue will call Steve when he gets this.,Sue will call Steve when he gets this.
"Anne: You were right, he was lying to me :/
Irene: Oh no, what happened?
Jane: who? that Mark guy?
Anne: yeah, he told me he's 30, today I saw his passport - he's 40
Irene: You sure it's so important?
Anne: he lied to me Irene",Mark lied to Anne about his age. Mark is 40.,"Anne was lying to Irene because Mark told her he's 30, today he saw his passport - he's 40.","Mark told Anne he's 30, today he saw his passport and he's 40."
"Phil: Good evening Deana! Many thanks for this nice card from you. Constantine was very happy!
Phil: Are these sunglasses also from you?
Deana: I thought they belonged your Cathreen!
Phil: Nope. She says they aren't hers.
Deana: Mine either. Look, maybe you feel like keeping them?
Deana: I seem to have so many sunglasses...
Deana: 8‑D
Phil: Where did you find them, possible that they belong to Adrian?
Deana: In this empty place above the radio. In the very back.
Deana: If Adrian wants it, no pro!
Deana: :)
Phil: :))
Deana: Exactly!
Phil: Ok, they don't belong to any of us, and nobody else drove your car. But we can look after these sunglasses.
Deana: Glad to hear it!","Phil received a card from Deana. Constantine was happy. Phil has sunglasses, that Deana found in the back above the radio. Deana and Phil don't know who they belong too. Phil will keep the sunglasses.",Deana and Deana have a card from Deana. Deana thinks they belong to Adrian. Deana and Deana will look after them.,Deana and Deana have a card from Deana. Deana thinks they belong to Adrian's Cathreen. Deana and Deana will look after them.
"Marika: Are you coming today?
Lara: Yes!
Marika: Great!",Marika is coming today.,Marika is coming to Lara today.,Lara is coming today.
"Pedro: batman or superman??
Alex: honestly..  neither
Pedro: WHAT??
Alex: i honestly like the flash
Pedro: whats so good about the flash :P
Alex: duuude, he can do almost anything
Pedro: not anything
Alex: yea im sure batman can run as fast -_-
Pedro: superhuman speed? thats your pitch?
Alex: that speed opens up the whole multiverse for him.. you seriously dont get how powerful he can be
Pedro: yeah i get your point",Alex prefers the Flash to Barman and Superman thanks to his speed.,Pedro doesn't like the flash. Alex thinks batman can run as fast as batman. Pedro doesn't think batman can run as fast as batman. Alex doesn't think batman can run as fast as batman.,Pedro doesn't like the flash. Alex is sure batman can run as fast.
"Linda: Hi Dad, I want to buy flowers for mum! But I don't remember which one she likes :(
Michael: Well, she likes all the flowers I believe
Linda: That doesn't help! I'm on a flower market right now!
Michael: Send me some pics then
Linda: <file_photo> 
Michael: Tulips are nice, roses too
Linda:  What about carnations?
Michael: No, carnations are boring :D
Linda: Thanks Dad, srsly…
Michael:  What about freesias? She likes them a lot, are there any there?
Linda: <file_photo> 
Michael: Take those!",Linda wants to buy flowers for her mother and asks Michael which flowers does she like. Michael suggests Linda to buy freesias.,"Linda wants to buy flowers for her mum. Michael sends her some pics. Tulips are nice, roses and freesias. Linda likes freesias very much.","Linda is on a flower market right now. Michael sends Linda some pics. Tulips are nice, roses and freesias."
"Nathan: <file_video>
Aaron: OMG!!! 
Aaron: 😂😂😂😂
Aaron: looool
Aaron: do you know her mate? 🤣🤣
Aaron: my cat's face looks like that when he's taking a dump..🤣🤣🤣
Aaron: <file_gif>
Aaron: the angels must be weeping 🤭🤭🤭 
Aaron: <file_gif>
Aaron: <file_gif>
Nathan: Hahahaha
Nathan: She's having a spiritual moment 😉
Nathan: No clue mate, Dan sent it over
Nathan: A tragedy to say the least 😂😂
Aaron: <file_gif>
Aaron: looking for Jesus
Nathan: 😂😂😂
Aaron: hilarious..hahahaha",Nathan and Aaron are discussing a video which Nathan sent. ,Aaron's cat's face looks like that when he's taking a dump.,Aaron's cat's face looks like that when he's taking a dump.
"Mia: God, he keeps talking about the stupid wall
Jennifer: I think he's just senile
Karine: unfortunately it's much more
Karine: this populist strategy to scare people with a minority
Karine: and then present himself as the only savior
Peter: Karine is right, I think he's not as senile and stupid as we would like to believe
Mia: so it's even worse - he's pure evil
Peter: possibly yes
Karine: I really think so, because it's not only about politics anymore
Karine: he is destroying the Earth
Karine: trying to shake the world's order
Jennifer: but he's also quite stupid
Jennifer: and the dangerous thing is his self confidence
Jennifer: he's persistence 
Jennifer: and ignorance
Karine: but we have a chance to change it
Karine: maybe Trump will be over soon?
Mia: we will see
Mia: but we should do anything to win the next elections
Karine: everything!","Mia, Jennifer, Karine and Peter do not like Trump.","Mia, Jennifer, Peter and Karine are worried about Donald Trump's senile wall. Donald Trump will be over soon, but they should do anything to win the next elections.","Mia, Jennifer, Peter, Karine and Peter are worried about the stupid wall. Donald Trump will be over soon, but they should do anything to win the next elections."
"Barbara: I'm home already, you can come over
Sean: May I bring the dog?
Zac: I'm on my way
Barbara: sure you can, Sean
Barbara: do you want to stay overnight?
Sean: great!
Sean: I thought about it
Barbara: nice!","Barbara, Sean and Zac are meeting at Barbara's place tonight. Sean will bring the dog. Sean and Zac will stay overnight.",Barbara is home already. Sean will bring the dog. Zac is on his way. Barbara wants to stay overnight.,Barbara is home already. Sean will bring the dog.
"Fiona: Are you free?
Tina: Yes, what's up?
Fiona: I'm trying to prepare a nice dinner for Chris and I thought that maybe I could prepare this tart of yours :)
Tina: I'm flattered!
Fiona: Well, it IS delicious :) Could help me do it?
Tina: Sure! It's not difficult. Do you have anything ready?
Fiona: I must admit I bought the crust...
Tina: Oh, ok :P Pity, but well, it's too late now.
Fiona: I tried making the filling once, but I finished with lemony scrambled eggs...
Tina: It happens, don't worry. The thing is that once you start adding eggs you can't stop mixing it, otherwise you'll end up with scrambled eggs.",Fiona wants to prepare dinner for Chris. She is thinking of Tina's tart. She will help her make it.,Fiona is trying to prepare a tart for Chris. Tina will help Fiona prepare the filling.,Fiona is trying to prepare a dinner for Chris. Tina will help Fiona prepare the filling. Fiona bought the crust and made the filling with lemony scrambled eggs.
"John: wanna go see ""A Star is Born"" on Wed?
Joan: sorry can't
Joan: super busy 
Joan: don't have time for anything :( 
John: that's a shame
Joan: I'm free on Thursday
John: I could do Thursday
Joan: ok! so around 8pm?
John: sure sounds great
John: I'll see where it's palying and send you the details
Joan: ok great!","Joan and John are going to watch ""A Star is Born"" on Thursday around 8 p.m.","Joan and John are going to see ""A Star is Born"" on Wed. Joan is free on Thursday around 8 pm. John will send Joan the details.",Joan is free on Thursday around 8 pm. John will see where it's palying.
"Jones: Hey.
Angelina: Hey.
Angelina: Long time. How are you doing?
Jones: I'm fine
Jones: You?
Angelina: I'm cool too.
Jones: You think we can meet today later in the afternoon in town?
Angelina: Definitely.
Jones: Okay. I will call you to confirm where we will meet.
Angelina: Cool",Jones and Angelina will meet in town in the afternoon.,Jones and Angelina are meeting today in the afternoon in town. Jones will call Angelina to confirm where they will meet.,Jones and Angelina will meet today in the afternoon in town.
"Christie: how are you after the party?
Katie: really tired... and you?
Christie: same
Christie: the party was great!
Katie: Yeah, we had fun! :)",Christie and Katie are tired after the party. They both had fun.,Katie and Christie had a great party after the party.,Katie and Christie had a great party.
"Freddie: What are you watching on Netflix? I've just finished Mad Men.
Kelly: I've just finished The Crown. 
Freddie: There should be new episodes coming soon.
Kelly: OMG! i can't wait! :)
Freddie: Try Outlander or The Tudors in the meantime.
Jim: i'm watching I, Zombie.
Bob: try Grimm or Sabrina. They're both great!
Kelly: they are all horrible and disgusting! 
Bob: i think they are funny. They're just TV shows don't take them too seriously. x 
Greg: I'm watching House of Cards though must admit the new series is boring.
Mike: i agree. not the same without Kevin Spacey! You should try The West Wing if you enjoy political dramas.
Greg: Netflix original Bodyguard is supposed to be good from what I've heard.
Mary: I'm a bit ashamed to confess i enjoy stuff like Pretty Little Liars or Gossip Girl ;)
Nancy: don't be ashamed i enjoy them too! and my favourite one is Desperate Housewives!!!
Mary: I know! I watched it twice!
Alan: I'm catching up with Friends.
Nancy: OMG! i used to love Friends!","Freddie, Kelly, Jim, Greg, Bob, Mike, Mary, Alan and Nancy are watching different shows on Netflix.",Freddie has just finished Mad Men. Kelly has just finished The Crown. Jim is watching Zombie. Greg is watching House of Cards. Nancy likes Desperate Housewives.,Freddie has just finished Mad Men. Kelly has just finished The Crown. Jim is watching Zombie. Bob and Greg are watching House of Cards.
"Jessica: Hey, you're good with plants, aren't you?
Boston: I guess?
Boston: What's up?
Jessica: I got this plant for my birthday and it's kind of... dying already :(
Boston: Oh... What's the name?
Jessica: That's the thing, nobody knows the name so I can't evne look up how to care for it
Boston: Can you take a photo?
Jessica: <file_photo>
Boston: All right, I looked it up
Boston: <file_other>
Jessica: Oh wow, thanks!
Boston: No problem :) When in doubt, you can do a reverse search on Google Images. Not always accurate but can help a lot in many cases!",Jessica's plant is withering. She doesn't know what plant it is. Boston found it out using Google Images.,Jessica got a plant for her birthday and it's dying. Boston will take a photo of it.,Jessica got a plant for her birthday and it's dying already. Boston will take a photo of it.
"Samantha: How are you doing today?
Robyn: better, but I really exaggerated with bier last night
Samantha: was it really only bier?
Robyn: sure, why?
Samantha: I don't know, your eyes, behaviour
Robyn: you want to say I took drugs?
Samantha: I'm only asking, I don't have anything against drugs
Robyn: but I have and I never take them
Samantha: ok, sorry, I didn't intend to offend you
Robyn: I just drank too much, that's eat
Samantha: much too much
Robyn: yes, I lost control a bit
Robyn: I am sorry for that
Samantha: important that you feel better today",Robyn drank too much beer last night and lost control. She is feeling better today.,Samantha and Robyn are doing better today. Robyn has been drinking too much. Samantha lost control. Robyn lost control. Samantha lost control. Robyn lost control. Samantha lost control. Robyn lost control. Samantha lost control. Robyn lost control. Samantha lost control. Robyn lost control. Samantha lost control. Robyn lost control. Samantha lost control. Robyn lost control. Samantha lost control.,Samantha and Robyn are doing better today. Robyn drank too much and drank too much.
"Matthew: I have a cold. Need y'all support. It's painful
Lisa: Fight it. Drink orange juice. Make some soup
Matthew: I'll try
Lisa: I believe in u 
Matthew: Thank u. Apparently it's an allergy mixed up with virus
Lisa: Ahh it sucks. 
Lisa: Take a rest from evrthg.  
Matthew: Ikr. Hitting the hay now
Lisa: Good night 'Thew! ",Matthew has a cold. He will drink some orange juice and go to sleep.,Matthew has a cold. He needs y'all support. He'll drink orange juice and make soup. He'll take a rest from evrthg.,Matthew has a cold. He needs y'all support. He'll drink orange juice and make soup.
"Stewart: Can you believe he even said that about the forests? Raking? Really?
Shari: Yes. I can believe that this is an ignorant man. He proves it daily. This just one more example!
Stewart: He just has no clue.
Shari: I mean, there are so many people dead and all he can think to do is criticize the forestry department? With a totally inappropriate suggestion? Puhleeze.
Stewart: I can't wait to vote for anyone else but him.
Shari: I know what you mean. Half my friends voted for him just to see what would happen! Well, guess what?
Stewart: Yeah, but we couldn't go another 4 years with a Democrat. The country would go broke!
Shari: Maybe, but at least we wouldn't be hated around the world and led by an ignorant piece of shit!
Stewart: You've got a point!
Shari: I'm not sure he will finish out his term, with all the legal problems, but he seems to be able to hold off the big stuff. Somehow.
Stewart: I know. How is that even possible?
Shari: I'm not sure. I mean, he's breaking amendments to the constitution here!
Stewart: Only on the fringe.
Shari: Maybe.
Stewart: We have to make the best of it now. Nothing we can do.
Shari: Except vote him out!
Stewart: Exactly. But that's not for a while.
Shari: Closer every day. If only there was a good candidate.
Stewart: From your mouth to the Dem National Committee's ears!
Shari: LOL!
Stewart: We should volunteer. Get out the voters or something.
Shari: Good idea.
Stewart: Let me see what's out there and I'll let you know.
Shari: Great! ",Stewart and Shari find the current president ignorant and incompetent. They hope he gets voted out. Stewart is going to see what possibilities there are of volunteering in the upcoming elections.,"Stewart, Shari and Shari have no clue about the forests. Stewart and Shari think it's an ignorant man who proves it daily. Stewart and Shari are not sure if he will finish out his term with a Democrat. Stewart and Shari are not sure if he will finish out his term with a Democrat. Stewart and Shari are not sure if he will finish out his term with a Democrat","Stewart, Shari and Shari have no clue about the forests. Stewart and Shari are not sure if he will finish out his term with a Democrat. Stewart is not sure if he will finish out his term with a Democrat. Shari is not sure if he will finish out his term with a Democrat."
"Jay: Bro. Have you heard that diamond is in Kenya? 
Joe: Yeah man. I know what you are thinking
Jay: 😂😂  
Joe: Bro. I dont have some cash to buy some tickets for the event.
Jay: Come on! Stop worrying about cash.
Jay: I will lend you then you can refund later.
Joe: Okay.
Jay: And guess what?
Joe: What
Jay: I have convinced Ruth and Paulette to accompany us
Joe: Really?
Jay: Do i look like i am joking😏😏
Joe: It's game on bro!!!!!!
Jay: Yeah. You know me.
Jay: But it is time you start paying me.
Jay: I can't be hooking up you with new girls every time we have a concert.😂
Joe: 😂😂 cut the crap
Joe: Just wait next time. I'll be the one doing the connections.
Jay: Okay. Can't wait.",Jay will lend Joe money for the ticket for the event. Ruth and Paulette will accompany them.,Joe will lend Jay some tickets for the diamond event in Kenya. Joe will lend him some cash. Joe will lend him some tickets for the event. Jay will be the one doing the connections. Joe will be the one doing the connections. Joe will be the one doing the connections. Joe will be the one doing the connections. Joe will be the one doing the connections. Joe will be the one doing the connections. Joe will be the one doing the connections.,Joe will lend Joe some tickets for the diamond event in Kenya. Joe will lend him some tickets for the event. Joe will be the one doing the connections. Jay will be the one doing the connections.
"Lesley: Can you please go on a walk with the dog when you get home?
Chloe: I don't know when I'm going to be home though.
Lesley: What do you mean? Doesn't school finish up at 3PM?
Chloe: Yes, but I was going to go to Megan's house tonight.
Lesley: Chloe, you didn't ask me if you could go. You cannot just assume that you are going. 
Chloe: Mom, seriously. I already told her I was going to come over. 
Lesley: Chloe, your dad has to work late tonight. No one is going to be home for a long time. 
Lesley: Someone needs to come home and let her out. 
Chloe: Mom, you always do this to me. 
Lesley: I am not the one that wanted a dog. You are going to come home and let her out. 
Lesley: And that's that. 
Lesley: You can go out and see Megan afterwards. 
Chloe: Ok. 
Lesley: Thank you. ",Somebody has to take the dog out. Chloe wants to go to Megan tonight and the father has to work late tonight. Chloe will have to come back home to let the dog out and then she can see Megan.,Chloe is going to go on a walk with the dog when she gets home. Chloe is going to go to Megan's house tonight.,Chloe is going to go on a walk with the dog when she gets home. Chloe is going to go to Megan's house tonight.
"Dominique: what's for the test tomorro?
Denise: units 2 and 3
Dominique: ok tx
Denise: np",Denise and Dominique has a test tomorrow on units 2 and 3.,Denise and Dominique are going to test units 2 and 3.,Denise and Dominique are going to test units 2 and 3.
"Lorena: Hi, can you help me with something?
Martin: Well, I can try.
Martin: Depends what it is?
Lorena: I got a new desk and it comes with assembly instructions but I give up, I just can't do it.
Lorena: I'm illiterate when it comes to instructions, haha.
Lorena: So I could really use some help...
Martin: Hmm, I can't today, but how about tomorrow? Shouldn't take long anyway.
Lorena: Yeah, it's fine! I just need it for the weekend, but tomorrow's great! Sorry for troubling you again.
Martin: Don't mention it, we've known each other for so long it's almost like we're siblings, haha.
Lorena: Thanks a lot! I should be home by 6, so let me know when you can.",Martin is going to help Lorena assemble a new desk. He is coming to her house tomorrow.,Lorena got a new desk and it comes with assembly instructions but she can't do it today. Martin can't help her with it today. Lorena should be home by 6.,"Lorena got a new desk and it comes with assembly instructions but she can't do it. Martin can't do it today, but he needs it for the weekend. Lorena should be home by 6."
"Kelly: Should I put on the red dress?
Meghan: oh yes!!!! 
Mary: I'll wear a red dress too, and bright, red lipstick
Kelly: bloody Mary!
Mary: hahahaha",Kelly and Mary will wear red dresses. Mary will wear a red lipstick too. ,Kelly will wear a red dress and bright red lipstick.,Kelly will wear a red dress and bright red lipstick.
"Megan: Are we going to take a taxi to the opera?
Joseph: No, I'll take my car.
Megan: Great, more convenient 
Joseph: ;)",Megan and Joseph will take Joseph's car to the opera.,Joseph will take Megan's car to the opera.,Joseph will take Megan's car to the opera.
"Louis: did you see all the people outside the book shop today?
Louis: it was insane!!!
Sara: YES!!!
Sara: i saw a hugeeeeeeee crowd
Sara: do you know what was going on?
Louis: my friend told me this writer, this new writer...
Louis: i can't remember his name...
Louis: the one that writes about vampires
Sara: dante kyle?
Louis: no, the other one
Sara: cole grant?
Louis: YES!! my friends told me he was there signing copies of his books
Sara: no big loss then
Sara: i'm not a fan of his","There was a crowd outside the bookshop today. Cole Grant, who writes about vampires, was allegedly in the bookshop signing his books.",Louis saw a hugeeeeeeeeeeeeeeeeeeeeeeeeeeeeeeeeeeeeeeeeeeeeeeeeeeeeeeeeeeeeeeeeeeeeeeeeeeeeeeeeeeeeeeeeeeee,Louis saw a hugeeeeeeeeeeeeeeeeeeeeeeeeeeeeeeeeeeeeeeeeeeeeeeeeeeeeeeeeeeeeeeeeeeeeeeeeeeeeeeeeeeeeeeeeeeee
"Josh: Hey..
Michelle: Hi
Josh: so, are we still on for tomorrow night at the movies.
Michelle: Yeah, pick me up at 7
Josh: cool, cant wait,
Michelle: Me too",Michelle and Josh's plan to go to the movies tomorrow night is still valid. Josh will pick Michelle up at 7.,Josh will pick Michelle up at 7. Josh will pick Michelle up at 7.,Josh will pick Michelle up at 7. Josh will pick Michelle up at 7.
"Brandon: Shit, I've lost my credit card!
Brandon: I blocked it in the bank but it will take time before I get a new one
Brandon: can you lend me $ 100 guys?
Luke: sorry man, Im broke:/
Brandon: I see
Ian: what a misfortune, dude
Ian: I can lend you $$, no problem
Brandon: thanks, dude!","Brandon has lost his credit card and blocked it in the bank. It will take some time before he gets a new one, and he needs money. Luke is broke, but Ian will lend Brandon some money.",Brandon has lost his credit card. He blocked it in the bank but it will take time before he gets a new one. Ian will lend him $ 100.,Brandon has lost his credit card. He blocked it in the bank but it will take time before he gets a new one. Ian will lend him $ 100.
"Melody: did you get your computer fixed yet?
Peggy: no, im spending a lot of time using the library computers.
Melody: do they know whats wrong with it? 
Peggy: might be something with the circuit board. they hope to have an answer tomorrow
Melody: thats pretty serious. might be cheaper just to buy a new one
Peggy: thats true. well see.
Melody: if you need to get a new one, i highly recommend the mac model that i have
Peggy: ok, good to know. i'll write if i have any questions
Melody: youre probably due for a new one anyway, no?
Peggy: you're right. 5 years is a long time to own one.
Melody: yes, thats ancient by laptop standards
Peggy: ok. i might just not bother getting it repaired after all.
Melody: sounds like a good idea","Melody's 5-year-old laptop is broken. Tomorrow she'll know what's wrong. She won't be repairing it, because her laptop is too old. Instead, she'll buy a new one.",Peggy is spending a lot of time using library computers. Peggy recommends a new one. Peggy will write if she has any questions.,Peggy is spending a lot of time using library computers. Peggy recommends a new one. Melody will write if she has any questions.
"Rob: hey, pick up your phone :)
Ann: can't - meeting :)
Rob: sorry...
Ann: no problem - super boring one :) 
Ann: what you need babe?
Rob: I'm at the grocery store and was wondering if we need anything
Ann: some food :)
Rob: yeah, I figured that smartass :)
Ann: :*
Rob: details? so that you won't moan we don't have anything to eat :)
Ann: from what I remember we have everything for supper and lunch tomorrow, maybe some fruit and vegetables?
Rob: anything in particular?
Ann: cucumber, tomatoes, bananas, apples and whatever you like
Rob: ok","Rob is doing shopping at the grocery store. Ann ordered him to buy a cucumber, some tomatoes, bananas and apples.",Rob will pick up Ann's phone at the grocery store. Ann has everything for supper and lunch tomorrow. Rob has everything for supper and lunch tomorrow. Ann has everything for supper and lunch tomorrow.,Rob will pick up Ann's phone at the grocery store. Ann has everything for supper and lunch tomorrow.
"Harriette: Have you ever gone ghost hunting? ;o
Jamie: Ghost hunting? Nah, not really... Have you?
Harriette: Yeah, once when I was in high school! There was a run-down building in the neighbourhood and we went to investigate it with my friends
Jamie: How was it? Did you find something?
Harriette: We didn't see any ghosts, haha
Harriette: But let me tell you that I never thought I'd freak out this much at hearing a cat meow
Harriette: There's just something about the atmosphere... that makes you overreact and find normal but unexpected things really creepy
Jamie: I guess that's part of the experience? :p
Harriette: Yeah, if I could choose again, I'd probably still decide to go - I don't regret it! But I definitely wouldn't try something like that alone ^^;",Jamie has never gone ghost hunting but Harriette did with her friends once in high school. They did not see any ghosts and she only got frightened by a cat's miaowing.,Jamie and Harriette went ghost hunting once when they were in high school. They went to investigate a run-down building with their friends. Harriette never thought she would freak out at hearing a cat meow.,Jamie and Harriette went ghost hunting once when they were in high school. They went to investigate a run-down building in the neighbourhood with their friends. Harriette doesn't regret it.
"Stanley: I can’t believe in her…
Bill: What is it? And who?
Stanley: Del, she’s behaving kind of… stupid
Bill: Meaning?
Stanley: I told her I can’t go for this weekend with her because of work
Bill: And? How did she react?
Stanley: She was angry and wouldn’t listen to me. She accused me of having an affair o.O
Bill: You’ve been together for like 4 moths and she’s already doing sth like that???
Stanley: I know, it’s crazy. I starting to give up.
Bill: So what, that’s it?
Stanley: No, I’ll talk to her when she’s back, I’ll tell her it can’t be like this, see what will she say
Bill: Sorry to say that, I don’t think you’ll bring any good news xD
Stanley: Actually, me too. But at least I’ll try
Bill: Well, I’m sorry. We need to take care of the Lidem project right now.
Stanley: Yes I’m finishing the analysis for the pervious one, but it should be done tonight, so I can start working on it today
Bill: The problem is I don’t what you should do ;p
Stanley: whaaat
Bill: The analysis of tasks is not done yet, Alison disappeared from all the media and won’t answer her phone
Stanley: Great. So division of the tasks is on me?
Bill: Yes because I’m already researching when it comes to the funding.
Stanley: We’ll do, it’ll be ready tomorrow, not sure what time.
Bill: OK, keep me posted.
Stanley: Btw, it’s weird that Alison is out of touch
Bill: No at all, it’s not the first time
Stanley: Women…","Del accused Stanley of having an affair, because he couldn't go with her this weekend due to his work. They've only been together for 4 months, so it's not a good sign. Now Bill and Stanley need to take care of the Lidem project. Division of tasks is on Stanley, because Alison is unreachable.",Stanley has been together for 4 moths for a long time. Alison disappeared from all the media and won't answer Bill's phone. Stanley is working on the Lidem project tonight. Alison disappeared from all the media and won't answer Bill's phone.,Alison has been together for 4 moths. Stanley is finishing the analysis for the pervious one. Alison disappeared from all the media and won't answer her phone.
"Quinn: How's it hanging boy?
Kyle: Not bad, going out tonight?
Quinn: Yeah, need to get out after fucking school is actually over for a bit.
Kyle: Christ, yeah! It's a shitting hell hole, can't wait to leave next year, I'm leaving at Easter 😆
Quinn: Lucky you, I've got GCSES. Your a jammy bastard if your parents aren't insisting that you stay on.
Kyle: No point! I'm working for my Uncle Kev at the building site, my cousin was taken on with an apprenticeship in bricklaying last year, maybe do that myself.
Quinn: God, I'm so jealous! I absolutely fucking hate school and I suck at exams too! Need to have them under my belt, they always say.
Kyle: Why don't you talk to them about it?
Quinn: They wouldn't bloody listen! I buggered up my mocks too and I have to retake the subjects I failed in, it never bloody ends!😭
Kyle: Why don't I ask Kev about the site, they always need labourers and they like us young ones cos we're a lot cheaper by the hour lol.
Quinn: Dunno, fucking about in the freezing cold, freezing my arse off, or roasting to death in the bloody summer! Sounds grim!
Kyle: OK, suit yourself! Got any voddy for later?
Quinn: Nah, couldn't get to the offy.
Kyle: They wouldn't serve you anyway, you twat! I'll ask my bro to get us some vodka and cigs, he's cool.
Quinn: Great! Kirsty there tonight, do you know?
Kyle: Dunno, but I heard she was with Nathan Baker these days.
Quinn: That bell end! Huh😒 Well, see you outside the club at 6ish.
Kyle: See you man.","Quinn and Kyle are going out tonight. Kyle is leaving school at Easter to work for his uncle. Quinn's parents want him to retake his GCSEs. Kyle's brother will buy alcohol and cigarettes for them. Their friend, Kirsty, is dating Nathan Baker. Quinn and Kyle will meet around 6 outside the club.",Kyle and Quinn are going out tonight. Kyle is working for his uncle Kev at the building site. Quinn has to retake the subjects he failed in. Kyle will ask Kirsty to get some vodka and cigs. Quinn will see Kirsty outside the club at 6ish.,Kyle and Quinn are going out tonight. Kyle is working for his Uncle Kev at the building site. Quinn has to retake the subjects he failed in. Kyle will ask Kirsty to get some vodka and cigs tonight.
"Petra: I need to sleep, I can't stand how sleepy I am
Andy: I know, and it's so boring today, nobody's working at the office
Ezgi: I am working! lazy pigs
Petra: I'm sleeping with my eyes open, kill me
Andy: ask the fat woman from HR
Petra: she would kill me on spot without batting an eye
Andy: she always repeats she has a black belt in karate 
Petra: it's hard to believe she can move, but let her have whatever belt she wants
Andy: LOL
Petra: sooooo sleepy","Petra is very sleepy at work today, Andy finds the day boring, and Ezgi is working. ",Petra is sleeping with her eyes open. Ezgi is working at the office. Andy asks Petra if she has a black belt in karate.,Petra is sleeping with her eyes open. Andy asks the fat woman from HR to kill her on spot without batting an eye.
"Andrew Simmons: I'm sending you the list (with specific times) for our individual meetings tomorrow. In case you are unable to attend, please let me know as soon as possible.
Andrew Simmons: <file_other>
Samuel Anderson: I have an appointment with a doctor so I won’t be able to come to the meeting.
Andrew Simmons: Then please bring your plan to our next class.
Katherine Jackson: I also won’t be coming, because I have a retake.
Andrew Simmons: Alright. For those who are coming. The meetings will take place in my office, room 104.",The individual meeting with Andrew Simmons takes place tomorrow in room 104. Samuel Anderson and Katherine Jackson won't attend it because he has an appointment and she has a retake.,"Andrew Simmons is sending the list for individual meetings tomorrow. Samuel Anderson has an appointment with a doctor so he won't be able to come to the meeting. Katherine Jackson won't be coming, because he has a retake.","Andrew Simmons is sending the list for individual meetings tomorrow. Samuel Anderson has an appointment with a doctor so he won't be able to come to the meeting. Katherine Jackson won't be coming, because he has a retake."
"Greg: Hi Mum, how's the cat doing?
Patti: I just rang the vets, she's fine!
Greg: Thank God, been worrying about her all day!
Patti: They said I can pick her up later. I'll pop home and fetch the cage after work. Should be there at 5ish.
Greg: Good, see you at home, bye!","Patti and Greg's cat is getting better, so Patti will pick it up later. Patti will come back home at around 5 pm.",Greg's cat is fine. Patti will pick her up later and fetch the cage after work. Patti will pick her up at 5ish.,Greg's cat is fine. Patti will pick her up later. Patti will fetch the cage after work at 5ish.
"Piper: When is the payment expected?
Bryan: I have asked my manager to send the payment
Piper: When would he send it to me?
Bryan: He will send you tonight
Piper: I would be waiting
Bryan: Sure, Client liked your work
Piper: Hope to work with you long term ",Piper will get paid tonight. Client liked Piper's work and wants to work with her on a long-term basis.,Bryan has asked his manager to send the payment to Piper tonight. He will send it to him tonight.,Bryan has asked his manager to send the payment to Piper tonight. He will send it to him tonight.
"Tobias: What do you say, we grab a beer after work or something?
Trevor: You read my mind :P
Tobias: 9 at my place?
Trevor: sounds like a plan",Trevor will meet Tobias at his place at 9 pm.,Trevor and Tobias are going to grab a beer after work.,Trevor and Tobias are going to grab a beer after work.
"Allison: Hey girls! 
Maya: hey!
Sarah:  hey, why you so cheerful?
Allison: Guess what!
Allison: I've got a scholarship!
Maya: no way! you have made it!
Sarah: shut up!
Allison: yeee, and it is the highest posible rank i could get
Maya: we so proud, when do we celebrate!?
Sarah: <file_gif> 
Allison: Whenever you want! thank you <3",Allison has got a scholarship.,Allison has got a scholarship. Maya and Sarah are proud. Allison has a file_gif.,Allison has got a scholarship. Maya and Sarah are proud. Allison has a file_gif.
"Alex: Were you able to attend Friday night's basketball game?
Benjamin: I was unable to make it.
Alex: You should have been there. It was intense.
Benjamin: Is that right. Who ended up winning?
Alex: Our team was victorious.
Benjamin: I wish I was free that night. I'm kind of mad that I didn't go.
Alex: It was a great game. Everything alright tough?
Benjamin: Yeah man thanks for asking, it's just that my mom is sick and I am taking care of her.
Alex: Oh sorry to hear that. Hope she makes a fast recovery 💪
Benjamin: She will, she just has a nasty flu but she will be alright :D
Alex: Glad to hear that!
Benjamin: What was the score at the end of the game?
Alex: Our team won 101-98.
Benjamin: Sounds like it was a close game then.
Alex: That's the reason it was such a great game.
Benjamin: I'll go to the next one for sure.
Alex: It's next weekend so you better put on your calendar ahaha
Benjamin: ahaha I will I will. Talk to you later!
Alex: Alright! Tell your mom I hope she gets better quickly.",Benjamin didn't come to see a basketball game on Friday's night. The team supported by Alex won 101-98. Benjamin's mom has a flu and he's looking after her. Benjamin declares to attend the next basketball match.,Benjamin was unable to attend Friday night's basketball game. Benjamin's mom is sick and is taking care of her. Benjamin will go to the next game next weekend.,Benjamin was unable to attend Friday night's basketball game. His team won 101-98. Benjamin will go to the next game next weekend.
"Margaret: Honey, buy me some painkiller.
Jack: What is going on?
Margaret: Terrible headache!
Jack: Maybe you should rest!",Margaret is suffering from a terrible headache and wants Jack to buy her some painkillers. ,Jack will buy Margaret some painkiller. Margaret has a terrible headache. Jack suggests resting.,Margaret is going to buy some painkiller. Jack suggests resting.
"Charlotte: Hello Paula, a funny question: how do you pronounce 'Natal lily', the name of the plant? It refers to the region of ZA and not to the word 'natal' as in 'his natal day', right?
Paula: Hi Charlotte, 'nu tell', 'nu' as in 'number'.
Charlotte: And the stress on the second syllable? Or the first?
Paula: 2nd
Charlotte: Thank you dear.
Paula: <file_other>
Charlotte: Lovely to hear your voice!!
Paula: :$
Paula: <file_other>
Charlotte: :X","Paula helped Charlotte with correct pronunciation of ""Natal lily"".",Paula and Charlotte are talking about a plant called 'Natal lily'. It refers to the region of ZA and not to the word 'natal' as in 'his natal day'.,Paula and Charlotte are talking about a plant called 'Natal lily'. It refers to the region of ZA and not to the word 'natal' as in 'his natal day'.
"Nathalie: have you thought about the holiday?
Pauline: me & tony are into greece really
Jacob: anywhere warm and sunny. greece cool
Anthony: greece is warm sunny and cheapish
Nathalie: i guess cob we ok w that
Jacob: sure thing
Pauline: so august as we said?
Jacob: thats the thing. we need to be back by aug 10
Anthony: what?? why??
Nathalie: sis wedding
Pauline: your lil sis getting married?!? lol
Jacob: she's not little. seen her tony?
Anthony: worth a look?
Nathalie: shut up assholes. shes my sister for fucks sake
Pauline: idiots
Jacob: come one just kidding. we love you
Anthony: we have no choice XD","Nathalie, Pauline, Jacob and Anthony are thinking about spending holidays in Greece together in August. Jacob and Nathalie need to be back by August 10 because of Nathalie's younger sister's wedding. ",Nathalie and Jacob are going to Greece for the holiday. They need to be back by Aug 10. Nathalie's sister is getting married.,Nathalie and Jacob are going to Greece for the holiday. They need to be back by aug 10.
"Carmen: how are you feeling, Viola? it is so so close...
Alfred: My dearest Viola <3
Viola: I think as one's feeling before the wedding - a little bit light in the stomach! ive got some things to organize still!
Carmen: i will be on friday night, i could give you a helping hand :))
Viola: Thanks darling, i will let you know x
Carmen: (Y) my number just in case +00123456789
Viola: (Y) <3",Viola is having her wedding soon and still has some things to organize. Carmen comes on Friday and is willing to help Viola.,Viola is feeling a little light in the stomach. Viola will be on Friday night. Carmen's number is +00123456789.,Viola is feeling a little light in the stomach. Viola will be on Friday night.
"Mom: Hi, Betty, how are you?
Betty: Hi, everything's fine and you?
Mom: me too
Mom: You could call Grandpa from time to time, you know
Mom: He's always asking about you.
Betty: I know, Mom, it's just I've been so busy.
Mom: we're all busy. You don't have to talk long, just check in.
Betty: OK, I will.
Betty: ;*",Mom wants Betty to call the grandfather from time to time.,Betty will call Grandpa from time to time.,Betty will call Grandpa from time to time.
"Janet: I am ashamed. Who voted for this pussy? It's your fault.
Alison: Remember the Wizard of Oz? He might have melted.
Nicole: He’s a sissy boy.
Cheryl:  RAIN omfg thats so shameful and disrespectful 😡
Buff: Pussy in Chief.
Linda: Trump is selfish and inconsiderate.
Janet: What an embarrassment to our nation and the world!!!
Roz: Where is Elsie? I miss you vomit 😊
Cheryl: WTF EVER trumpola didnt want to mess up his pity full comb over.....
Janet: Trump = snowflake
Linda: Baby. He’s a spoiled brat baby. Nothing about Donald Trump to be proud of or want to defend.
Arlene: HIs hair and makeup would have been ruined!
Roz: Exactly 😊
Leslie: Which adviser, who he doesn't listen to anyway, thought missing this ceremony was a good idea? Shameful!
Eric: What a pussy. We should grab him and kick him to the curb.
Sue: All the other leaders managed to make it, so there is no excuse, for me.
Roz:  It's all about the hair.
Sue: afraid the colour of his orange hair would run????
Linda: Never heard of an umbrella :)","Janet, Nicole, Alison, Arlene, Leslie, Ros, Eric and Sue are all complaining about Donald Trump and his absence at the ceremony. ","Janet and Alison voted for the pussy in Chief. Donald Trump is selfish and inconsiderate. Eric, Leslie and Eric should grab Elsie and kick Elsie to the curb.","Janet and Alison voted for a pussy in Chief. Donald Trump is selfish and inconsiderate. Eric, Leslie and Eric should grab Elsie and kick him to the curb."
"Emma: You havent been back yet? and where's shake
William: I have been in que for past 20 minutes. Too much rush here
Emma: Ok Hurry up. We cant wait anymore :( 
William: Dont worry. Its my turn up next
Emma: :D 
William: Coming back in 5
Emma: Ok waiting",William is coming back in 5 minutes as he had to queue for 20 minutes.,William is coming back in 5 minutes.,William is coming back in 5 minutes.
"Leticia: would any of you have 10$ and could lend it? I'm really in need, I will gve it back as soon as possible
Lora: sure
Lora: is everything ok?
Leticia: actually no...
Leticia: I've lost my wallet, or someone stole it...i'm not sure but i always take care of my stuff so that's even more weird
Miranda: shit...that's bad
Miranda: if you need any help I'm also here
Leticia: thank you girls, really
Lora: you better call the bank and block your account
Leticia: I've already done it
Miranda: did you have like a lot of money in this wallet?
Leticia: fortunately not...you know i hate dealing with cash
Lora: at least that...
Leticia: yeah...but i'm afraid i'll have to get new documents and i have no time for that :///////////
Miranda: don't worry, maybe there will be some good person who posts it on lost/found
Leticia: I hope so",Leticia lost her wallet with cards and documents and needs to borrow 10 dollars. Miranda and Lora offer help. The girls hope somebody will find the wallet and give it back.,Leticia is in need of 10$ and could lend it to Lora. Leticia has lost her wallet or someone stole it. Miranda will call the bank and block her account. Leticia is afraid she'll have to get new documents.,Leticia is in need of 10$ and could lend it back as soon as possible. She lost her wallet or someone stole it. Miranda will call the bank and block her account. Leticia is afraid she'll have to get new documents.
"Jamilla: remember that the audition starts at 7.30 P.M.
Kiki: which station?
Jamilla: Antena 3
Yoyo: roger that",The audition starts at 7.30 P.M. in Antena 3.,The audition starts at 7.30 P.M. Kiki and Jamilla will meet at Antena 3 at 7.30 P.M.,The audition starts at 7.30 P.M. Kiki and Jamilla will meet at Antena 3 at 7.30 P.M.
"Natalie: Well well weeeeeell, I see somethings going on here at last
Martin: (Y)
Adam: any confirmed data?
Anna: Hello everyone!!! Id love to invite everybody to my bday. I would be extremaly happy if you could come 6th of November at 1930
Martin: <3
Margot: <3
Mia: (Y)",Anna organises a birthday's party on the 6th of November at 19:30.,Anna will invite everyone to her birthday on 6th of November at 1930.,Anna will invite everyone to her birthday on 6th of November at 1930.
"Mary: Did you tell your sister I am doing online job?
Mark: yes !
Mary: why
Mark: because she keep saying your good for nothing?
Mary: dint I tell you I don’t care?
Mark: what happened?
Mary: see I don’t want to prove anything to anyone..
Mark: I know… but I was just feeling proud so it was kind of show off…
Mary: she is asking everyone… and trying to get to the people I am working for
Mark: really!! I am sorry for that…
Mary: don’t be! I understand your feelings…  but u know how she is…
Mark: I know!! :? 
Mary: don’t be sad now its ok.. she cant do much about it… chill its ok but just be careful
Mark: I will be ..
Mary: btw it feels good that she is so jealous :P
Mark: lol my aim was to make her feel jealous
Mary: but i dont like it that she tries to contact the people i am working for ... what does she want?
Mark: may be she wants to confirm if its true... because its not easy to digest that your working from home and earning well!!!
Mary: whatever i just hate her
Mark: chill now .... :) love you
Mary: i am chilled :cool: ... love you too honey",Mark told his sister that Mary is doing an online job. Mark's sister is contacting people to confirm it. Mark thinks she's jealous. Mary hates Mark's sister.,Mary's sister is doing online work. Mark doesn't want to prove anything to anyone. Mary doesn't want to prove anything to anyone. Mark doesn't want to prove anything to anyone. Mary doesn't want to prove anything to anyone.,Mary's sister is doing online job. She doesn't want to prove anything to anyone. Mark doesn't want to prove anything to anyone.
"Marsha: Guys, we've planned the trip with John last night as we promised
Cynthia: great, thank you for that
Marsha: but of course you have to agree on that
Mohammad: sure, but I really trust you
Gavin: me too
Marsha: so as we decided last time, we will spend a week just on the beach 
Marsha: we all wanted some calm, nice place, right?
Gavin: yes!!! 
Marsha: John found this little hotel in Nosy Be
Marsha: <file_photo>
Marsha: and their website: <file_other>
Marsha: it's quite basic the website, but it may actually be a good sign
Gavin: I love it!
Cynthia: it seems just perfect
Marsha: I know
Marsha: it's more expensive than hotels on the mainland
Marsha: but it seems to be the most beautiful place in Madagascar
Mohammad: so let's go there, it's still cheaper than Italy for example
Marsha: exactly!","Marsha and John planned the trip. They will spend a week on the beach with Cynthia, Mohammad and Gavin. They will all stay in a hotel in Nosy Be.",Marsha and John have planned a trip with John last night. John found a little hotel in Nosy Be. Marsha and Mohammad will spend a week on the beach.,Marsha and John have planned a trip with John last night. John found a little hotel in Nosy Be. Marsha and Mohammad will spend a week on the beach.
"Jacob: Emily!! stop the busses .. I am not on my way..
Emily: Hurry up!! the busses are about to leave..
Jacob: Count to 10 and i will reach the parking lot
Emily: 10..9..1 where are you...",Emily is waiting for Jacob while the buses have almost left.,Jacob is on his way to the parking lot. Emily is not on his way. Jacob will reach the parking lot 10.9.1.,Jacob will stop the busses. Jacob will reach the parking lot 10.9.1.
"Sarah: how much longer?
Daina: I need to put my make up
Sarah: OMG
Sarah: casual or party type?
Daina: casual
Sarah: so it's about an hour?
Daina: u know me, sorry :)",Daina needs about an hour more to get ready.,Daina needs to put her make up in an hour.,Daina needs to put her make up.
"Mr. Benson: Hello everyone. First of all, thank you for staying after hours. As you know, I'm currently in Peru discussing a contract with a new client. 
Mr. Benson: We need to discuss a couple of matters: your work while I'm gone and things I need from you asap. 
Claudia: Hello, Mr. Benson. Of course. What do you require from us?
Andy: Hello, Mr. Benson. I'm here. 
Mark: Hello, so am I. Sorry for being a little late. Had a call with a client. Did I miss anything?
Mr. Benson: No, Mark, we're just starting.","Claudia, Andy and Mark stayed after hours at Mr. Benson's request. Mr. Benson is currently discussing a contract with a new client in Per and he wants to organize their work remotely.",Mr. Benson is in Peru discussing a contract with a new client. Andy is in Peru.,Mr. Benson is in Peru discussing a contract with a new client.
"Vincent: <file_photo>
Damian: What happened to your lamp?
Vincent: I broke it xD 
Vincent: With my bare hand
Damian: You didn't do this just to show off did you?
Vincent: Hahaha. xD No.
Vincent: I was playing with my cat with a ribbon
Vincent: And while raising my hand I just hit the lamp and the glass cover broke
Damian: Shit happens. You ordered new one yet?
Vincent: Yeah. Should be ready to pick up on Tuesday xD",Vincent's new lamp should be ready to be picked up on Tuesday.,Vincent broke his lamp with his bare hand. Vincent was playing with his cat with a ribbon. Vincent ordered a new lamp. Vincent will pick up on Tuesday.,Vincent broke his lamp with his bare hand. Vincent was playing with his cat with a ribbon. Vincent ordered a new lamp. Vincent will pick up on Tuesday.
"Kate: hey whats up
Sharol: hii nothing much man.. so bored
Kate: done with the assignment?
Sharol: which assignment?
Kate: that sociology one?
Sharol: which ? what? i am lost
Kate: omg dont tell me you forgot?
Sharol: seriously i dont know what your talking about?
Kate: haha! no wonder your bored girl 
Sharol: now would you please tell me which assignment? 
 Kate: yes ! we had to find answers of the questions about feminist act.? remember
Sharol: ohhh goodnesssss!!! i dont know how i forgot.......................................
Kate: now dont waste time and do it
Sharol: ya man. when is it due?
Kate: Tomorrow.. 
Sharol: What! 
Kate: yes now stop all those what and why and get to work....
Sharol: yes i am... are you done?
Kate: yes.... phewwwww
Sharol: :( talk to you later babes
Kate: haha.. i know i shouldnt be laughing but this is so funny...
Sharol: i hate you!
Kate: excuse me? i reminded you about assignment...
Sharol: oh yesssss... i love you now let me work. bye
Kate: lol ok byeee","Sharol forgot about her sociology assignment. She needs to research feminist act, and it's due tomorrow. Kate has already finished it, and she rushes Sharol.",Sharol forgot about the sociology assignment. She forgot about it. Sharol reminds Kate about the assignment.,Sharol forgot about the sociology assignment. She forgot about it. Sharol reminds Kate about the assignment.
"Mae: Is the dress ready?
Cael: Not yet
Mae: Hope to have it soon",Cael lets Mae know that the dress isn't ready yet.,Cael is not yet ready for the dress.,Cael is not yet ready for the dress.
"Liam: will pick you up at 8
Liam: be ready
Kane: cool man
Liam: just don't get us late please",Liam will pick up Kane at 8. ,Liam will pick Kane up at 8.,Liam will pick Kane up at 8.
"Ella: did you send me mms?  i can't open it for some reason :/
Caleb: yeah, I sent you a pic of Maya
Caleb: she's playing a mouse in a school play and I wanted to show you her costume
Caleb: she looks sooo adorable in it! :-)
Ella: aww...:) can you send me this photo via email?
Caleb: done :-)",Caleb sent Ella a pic of Maya to show her the girl's costume as a mouse in a school play. ,Ella sent Caleb a pic of Maya playing a mouse in a school play.,Ella sent Caleb a pic of Maya playing a mouse in a school play.
"Mario: I’ve landed in every airport in Europe today - completely whacked out dude.
Klara: Where are you now?
Mario: Waiting in Luxembourg now.
Eddie: Have fun dude.
Moe: Only because you love flying so much 😉
Mario: weather was good for flying everywhere 🙂 Otherwise it would have been trains everywhere 🙂
Moe: Mario  be safe bro
Mario: You too bro 🙂",Mario is waiting on the airport in Luxemburg now.,Mario has landed in every airport in Europe today. He's waiting in Luxembourg now. Mario is waiting in Luxembourg now.,Mario has landed in every airport in Europe today. He's waiting in Luxembourg now.
"James: Amelia said that one of our lecturers in philosophy had an art exhibition (!). It opens tomorrow! 
James: I'm talking about this guy who taught us ethics.
James: Amelia recommends it :D
Mia: No way...! :D Professor Evans and art exhibition :D What has happened to this world?
Mia: But you know what? I would actually like to see it! :D
James: ME TOO, of course! :p Can Amelia go with us?
Mia: To the exhibition or to the exhibition and to the cinema? You remember that we have plans for tomorrow...?
James: both
James: yes, I do
Mia: ok
James: Are you mad at me?
James: Babe, the fact that I suggested that we might go out with Amelia doesn't mean that I don't value time that we spend together, just the two of us.
Mia: I know, I said ok.
James: Are you sure you're fine with this?
Mia: Yup. :)
Mia: I just don't know her very well, it's gonna be stressful for me.
James: :) But you know me, don't you?
Mia: Maybe I do :D
James: Really, there's nothing to worry about. Amelia is quite laid-back and likable. ;)
James: Afterwards we can go to my place and hang out, cuddle and so on... :*
Mia: Sounds good :) :*
James: So we're good, right?
Mia: Right. ;)",James and Mia want to go to an art exhibition tomorrow. James wants Amelia to go with them but Mia isn't sure about it. James and Mia will go to his place afterwards.,James and Mia are going to see an art exhibition tomorrow. They will go to the exhibition or to the exhibition and to the cinema tomorrow.,James and Mia are going to see an art exhibition tomorrow. They will go to the exhibition or to the exhibition and to the cinema tomorrow.
"Nate: They've just sent me an excel file with all the registrations
Julie: how are we doing??
Nate: overbooked!
Julie: no...
Nate: a little bit. I guess that's better than having half of the room empty
Julie: how many people for the first day dinner?
Nate: Let me check...
Julie: ok
Nate: shit this is the worst, the registrations are transformed into text in Excel
Julie: omg what registration system is that
Nate: shitty one
Julie: what should be do?
Nate: I have to create a new file and feed the data into the tables myself
Julie: the worst.",Nate and Julie are overbooked. Nate is having problems with the registration system so he has to deal with it himself.,Nate and Julie are overbooked for the first day dinner. Nate has to create a new file and feed the data into the tables.,Nate and Julie are overbooked. Nate has to create a new file and feed the data into tables.
"Oli: Theres a car accident 
Katie: Where? 
Oli: On circle drive
Oli: I tried to get to the Circle Mall 
Katie: Oh no 
Pavel: Its on the news now 
Pavel: Theres no deaths 
Katie: Thank god 👼 ","There has been an accident on Circle Drive, neat Circle Mall. There are no fatalities.",Oli tried to get to the Circle Mall.,Oli tried to get to the Circle Mall.
"Ken: Hey, how are you doing today?
Ellen: Fine. How are you?
Ken: Not doing well at all today. Really depressed. Frustrated. Stressed out.
Ellen: Oh no!
Ken: Really bad day yesterday carrying over to today.
Ellen: Can I do anything?
Ken: I'll be fine. Just overwhelmed and burned out.
Ellen: Sorry!
Ken: Sorry, don't mean to bring you down.
Ellen: You didn't, just worried about you!",Ken is having some bad days.,Ken is not doing well today. Ellen is stressed out. Ken will be fine. Ellen is worried about Ken.,Ken is not doing well today. He is depressed and stressed out. Ellen will be fine.
